"In HTML, how to word-break on a dash?"
How to word-break on a dash?
Does anyone remember the XMP tag?
What was the XMP tag used for?
"style.display not working in Firefox, Opera, Safari - IE7 OK"
Using CSS how best to display name value pairs?
Vertically aligning elements in a div
Vertically aligning elements in a div
How to vertically align elements in a div?
Vertically align elements in a div to be next to each other with CSS?
Vertically align multiple child elements in a parent div using CSS
How to vertically align elements in a div?
Make a div fill the remaining screen space
Regex to remove a given (x)HTML tag from a string
Best way to embed a SWF file in an HTML page?
Best way to embed a SWF file in an HTML page?
How to embed a SWF file in an HTML page?
Inline vs. external Javascript
How hard is it to master symantic markup and good CSS?
Center a div on the screen using jQuery
Why does my floated input> control in IE7 slide over to the right when it doesn't in Firefox?
Soft hyphen in HTML (wbr> vs. )
Removing HTML from a Java String
What is the markup language for richly formatted content?
Don't repeat tfoot when printing
CSS Display an Image Resized and Cut
How does the location of script tag in a page affect a JavaScript function that is defined in it?
How does the location of a script tag in a page affect a JavaScript function that is defined in it?
Looking for a direct way to load a slice of a gif/png/jpg into an HTML
How do I prevent an image from overflowing a rounded corner box with CSS?
Is it possible to append to innerHTML without destroying descendants onclick functions?
How do you overcome the HTML form nesting limitation?
How do you overcome the HTML form nesting limitation?
JavaScript putting text inside an iframe
jQuery Popup Bubble
Images loading slow (CSS/HTML/GIF)
How can I improve loading times on a static html site?
What is the difference between jQuery's functions val() and text()?
Cutting html text without breaking html tags
Submitting a styled web form; Should I use button> or a>
Submitting a styled web form: Should I use button> or a>
How to not send a referrer from a link in html
"Hitting ""enter"" does not post form in IE8"
Custom attributes - Yay or Nay?
Custom attributes - Yea or Nay?
"Input with display:block is not a block, why not?"
What does EOB mean in PHP?
Do duplicate IDs screw up jquery selectors?
"With a browser, how do I know which decimal separator does the client use?"
"With a browser, how do I know which decimal separator that the client is using?"
CSS background-image: url(none) leading to errors in apache log file
HTML5 canvas elements in IE8
"form> with a single Input Field, reloads with GET"
"EnTER key on a FORM with a single Input Field, will automatically submit with GET"
How to specify the bottom border of a tr>?
How to read the post request parameters using JavaScript
Change bullets color in a list without span
How to change iframe src by clicking a link?
Reading cookie expiration date
Move table row with jQuery?
jquery set value of div
How do I prevent a web page from scrolling to the top when a link is clicked that triggers JavaScript?
How to trigger a phone call when clicking a link in a web page on mobile phone
CSS break-word problem with div inside td in IE7
Center an unordered list into a fixed-width div
Center an unordered list of li> into a fixed-width div
CSS: getting an unwanted 1px extra height per DIV table element in Safari
How to draw a dotted line with CSS
htmlspecialchars equivalent in JavaScript?
Control logic using HTML::Template
URL for the browse google with longitude and latitude
Is there any way for an IFrame to change the top window's URL?
Is it possible to use JSF without the resulting HTML tables?
Java WYSIWYG HTML Editor
Nokogiri pretty printing
Nokogiri Pretty Printing HTML
Why does the link> title attribute cause browsers to ignore my styles?
Position of Div To Top of Window
Position of Div in relation to the top of the window
Position of Div in relation to the top of the Viewpoint
What is the difference between the.html and.xhtml extension?
truncating an image that is too tall
Make a td fixed size while rest of td's can expand
WMD and Markdown
Why do some websites access specific versions of a CSS/JScript file via the GET parameters?
What is the difference between Browser Object Model and Document Object Model?
What is the difference between Browser Object Model and Document Object Model?
What is the difference between Browser Object Model and Document Object Model?
Javascript: How do I create a function with an optional parameter?
"In JavaScript, how do I create a function with an optional parameter?"
Table Overflowing Outside of Div
Find out if radio button is checked with JQuery?
How to get main div container to align to center
"CSS for hiding a HTML element, keeping its width and height?"
jquery find closest previous sibling with class
How to include all css kept in a directory?
Converting HTML to RDF using an ontology
"Are things still encrypted if I use a form action=""https""> from a regular http page?"
"How to assign,clear and get value of a hidden field in jquery?"
"Canvas is stretched when using CSS but normal with old ""width"" and height properties"
How to retrieve a style's value in JavaScript?
How to get option value in JavaScript
Why not use Javascript handlers on the body element?
Adding images to the HTML with JavaScript
Adding images to an HTML document with JavaScript
horizontal table layout using css
"Javascript 101, URL encoding with request pareners"
Are there any issues with always closing empty tags in html?
"How to run an external program, e.g. notepad, using hyperlink?"
JQuery. Hide elements before they rendered. Best practice
How to put special character for URL param?
How to include special characters in query strings
"How to ""scan"" a website (or page) for info, and bring it into my program?"
Can I nest a div tag inside an li tag multiple times?
Validat that value entered into an input box is just numbers?
Working with Form Arrays in ColdFusion?
What is the minimum screen resolution for which you guys currently optimize your web design?
Show/hide div based on select option jquery
flow 2 columns of text automatically
Alternate table row color by CSS?
How to pre select option in select box using jQuery
How to pre select option in select box using jQuery
How to scroll HTML page to given anchor using jQuery or JavaScript?
How to scroll HTML page to given anchor?
Chrome does not respect display property
Jquery find the 5th element with a class in a list and add class
jQuery find the 5th element with a class in a list and add class
jQuery find the 5th element with a specified class in a list and add another class
How to use jQuery to initiate click events?
How to prevent a click on a '#' link from jumping to top of page in jQuery
"HTML5 Input type ""number"" in Firefox"
Should I use![CDATA[...]> in HTML5?
iframe as link?
iframe as link?
Use iframe as link?
HTMLInputElement has no method 'val'
CSS - table not using body font size even though I havent set the table font size explicitly
How can I make table width fixed?
What is the getCSSCanvasContext() method of an HTML5 element?
Should I write script in the body or the head of the HTML?
Are self-closing tags valid in HTML5?
Are self-closing tags valid in HTML5?
Are self-closing tags valid in HTML5?
HTML table. colgroup tag not working?
HTML table. colgroup tag not working?
How can I ensure that every p> element follows the next element?
What is the difference between escapeXml and escapeHtml?
What is the difference between escapeXml and escapeHtml?
How to get an HTML element from a string with jQuery
Overlay opaque div over YouTube iframe
Best Way To Place an SVG file in HTML
What is the reason to use a HTML/CSS width of 99.9%?
HTML5 canvas: Same code outputs different results in different browsers
What is the meaning of jquery random attributes in html?
How to test if the browser supports the native placeholder attribute?
CSS3 selectors :)
Top margin inside a div does not work?
Adding new line in excel cell generated via html
How to spread HTML evenly over a line?
How to spread elements evenly (horizontally)?
XHTML - What tags are allowed within the a> tag?
:after and :before CSS pseudo elements hack for Internet Explorer 7
:after and :before CSS pseudo elements hack for Internet Explorer 7
"Is it alright to use target=""_blank"" in HTML5?"
"Is it alright to use target=""_blank"" in HTML5?"
"Which is more convenient: script type=""text/javascript"">.../script> or script>"
Open an exe file through a link in a HTML file?
Text Direction - Vertical
CSS: Text Direction - Vertical
Form with method get sends submit button value
"Limit file format when using input type=""file"">?"
"Is it possible to write an ""Infinite Scroll"" javascript that can handle the back button?"
marquee> html tag usage
HTML5 Audio Playing
Is it possible to add item to the browser right button click menu?
Can I send email using javascript
HTML Checkbox onclick onchange event
Force download for Blob created with FileWriter
CSS: How to affect OTHER elements when a div is hovered
How to affect other elements when a div is hovered
script src... alternative backup?
jQuery selector to target any CSS name (of multiple present) starting with a prefix?
Translating HTML to content_tag
Get back the default browser styling for input fields
Antialiased text on HTML5 canvas element
HTML form submit
jQuery get multiple values from select
"JavaScript: Tell, if a span is broken over 2 lines"
PHP/HTML form post extra values
Get height of a div
Getting to localStorage in a Firefox extension
"Problem using tel: with * (star,asterisk)"
"How to use tel: with * (star, asterisk) or # (hash, pound) on iPhone?"
How to make a parent div grow with its children
How to pass url in mailto's body
Option in select on multiple lines
Can JavaScript access source code of a script> element?
Escapate HTML tags in String
Blinking text cross browser
"Does Google's ""Report a Bug"" take screenshots of the page you are on using HTML5/Canvas?"
Using HTML5/Canvas/JavaScript to take screenshots
Using HTML5/Canvas/JavaScript to take screenshots
Why doesn't Firefox support MP3 file format in audio>
Where is defined specifications about behavior putting same name attributes of input> tags?
crossdomain.xml prevent caching
javascript - Delete a row from a table by id
How to call javascript function instead of href in HTML
HTML5 custom attributes - The why and how
Preserve Line Breaks From TextArea When Writing To MySQL
HTML5 audio oncomplete
Check if a file exists on locally using JavaScript ONLY
Check if a file exists locally using JavaScript ONLY
How to navigate to a section of a page?
AarRGh JQuery $(#radioButton).change(...) not firing during de-selection
JQuery $(#radioButton).change(...) not firing during de-selection
Isn't it silly that a tiny favicon requires yet another HTTP request?
Isn't it silly that a tiny favicon requires yet another HTTP request?
How to Save up Another Precious HTTP-request for The Tiny Favicon?
Limit the width of an element
Word wrap a link so it doesn't overflow parent's div width
Word wrap a link so it doesn't overflow its parent div width
How to disable the resize grabber of textarea?
How to disable the resize grabber of an HTML textarea>?
Clear text field on focus of text field
How do I make a div automatically wide enough to accommodate its floating children?
Is there a way to remove a child element from a HTML Agility Pack?
How can I display HTML tags inside and HTML document?
iPad layout scales up when rotating from portrait to landscape
JQuery - how to wait for the end or resize event and only then perform action?
How to wait for the 'end' or'resize' event and only then perform an action?
How to wait for the 'end' of'resize' event and only then perform an action?
Is there a benefit to putting a class on a script tag?
Is there a benefit to put a class on a script tag?
html5: titles in sectioning elements
How to make a php template engine?
HTML - On one click open 2 pages
ol> is showing all zeros in IE9
How to make a div> element contain a background image?
HTML to image in Python
Convert HTML to an image?
Convert HTML to an image in Python
"Website has ""lagging"" effect. Causes? Tips and tricks to fix?"
How can I get the second or third child using CSS?
How can I get the second or third child using CSS?
How to margin the body of the page?
How do HTML tags work inside script tag?
What if the FAVICON is not named favicon.ico?
How do I create a new line in JavaScript?
"Why an inline ""background-image"" style doesn't work in Chrome 10 and Internet Explorer 8?"
How to do a global replace on backslashes in a string in JavaScript
formatting html email for outlook
Opening a new link in a specific browser
HTML5 Canvas vs SVG vs div
Paste Excel Table in TinyMCE While Keeping Format
How do I add a favicon to a JSF project?
My Favicon is not working?
My favicon is not working?
Cache Manifest and query strings
Adding attribute in jQuery
Adding attribute in jQuery
"CSS3 - border-color, border-radius and background color resulting in strange behaviour"
"CSS - border-color, border-radius and background color resulting in strange behaviour"
Template engine both for JS and PHP
Parsing Google search results with Nokogiri
Requiring select from HTML5
Can I apply the required attribute to select> fields in HTML5?
CSS3 one-way transition
Loading jQuery from google or locally if not online
How to append on sibling in jQuery?
Objective-C Web Server - Mac OSX
Image src path with jQuery
dom_class & dom_id vs HTML5 data-attributes
How to prevent users from copying content from website
span> shorthand for CSS - is this legit?
Can you use multiple conditions in SASS/SCSS CSS
Why do big sites use 'bad practices'?
Why: 'NEVER use height in px on anything with text inside'?
How to find children of nodes in Beautiful Soup?
How to find children of nodes using Beautiful Soup?
Is quirks mode relevant on today's scenarios?
How to get href all images in a page using JavaScript?
JavaScript to process a form submit or cancel it
JavaScript form submit - Confirm or Cancel Submission
A Few Extra Pixels of Height - Where Could They Be Coming From?
fix display:inline-block IE7 on div h2
Need help with css
Internet Explorer 7 problem with display: inline-block
How to show progress bar on web page until web page is not fully loaded?
Is it possible to alter CSS styles using JavaScript?
How do I get the unicode representation of a symbol out of the HTML using JavaScript/jQuery?
Is it possible to clear a form and reset (reload) the page with one button?
"HTML5 Geolocation, easiest way to get city name?"
Get city name using geolocation?
Simple way to get city name using geolocation
Microdata / schema.org: how to indicate name and url to the same tag
How to draw a spiral in canvas
How to draw a spiral in canvas
HTML5 time> I don't see any effect using it
Should I set the default font-size on the body or html tag?
"HTML5 Form - Input type=""email"" CSS for error"
Feed Readers - What kind of content belongs in a Feed Reader?
Detect screen resolution change and perform function with jquery
Trigger standard HTML5 validatiton (form) without using submit button?
bold problem in Firefox/Chrome double border problem
How can I climb back up the tree?
Center image using text-align center?
u200b (Zero width space) characters in my JS code. Where did they came from?
How can I get complete header info from urlib2 request?
jQuery sometimes does not work when being used in complex code
jQuery does not change a value where JS can because the library is out of date
Is it bad to have duplicate 'name' in different HTML input tags? (jQuery cannot change value where JS can.)
jQuery cannot change a value where JS can because the library is out of date
jQuery cannot change value where JS. Has this ever happened to you?
jQuery cannot change a value where JS can because the library is out of date
Css formatting cursive word breaks it
HTML5 Shared Worker eats memory in Chrome
How to display ajax loader gif image in the center of the div
How to display ajax loader gif image in the center of a div
Cross browser URI hack
Why does creating a video element dynamically using jQuery not work in IE9?
CSS separation question
CSS selector question
"What's the difference between applying CSS to HTML, body, and *?"
"What's the difference in applying CSS to HTML, body, and *?"
"What's the difference in applying CSS to HTML, body, and the universal selector *?"
Multiline HTML5 placeholder text
"Replace to long strings with ""..."""
How to scroll a select list with JavaScript or jQuery?
How can I get the col's id of a td?
How can I get the column of a td?
How can I pass a value of one HTML page to another HTML page using JavaScript?
In JavaScript INPUT type='number' - distinguish between focus and value-change mouse clicks
How to detect keydown/up events while performing HTML5 native drag?
KnockoutJS: ko.applyBindings to partial view?
Can I rely on the implicit creation of the tbody> tag?
Can I rely on the implicit creation of the tbody> tag?
Media print multiple pages table-border-layout-question
Fixed-width column table force expand on container
Can someone tell me what's wrong in my CSS when I edit it in vnext?
Why do browsers still inject tbody> in HTML5?
How to center a button within a div that has a percentage width?
Change br> height using CSS
"How can I disable scrolling when ""touching"" embedded iframe?"
Wingdings font family does not seem to work on Firefox and Opera
Creating ul> of dropdown list control
Is it possible to define the language used for -webkit-hyphens:auto?
jQuery flip set of div make first last and last first?
Reverse order of a set of elements
Rearranging a table giving undesired results in IE
Reserting rows in a table through jQuery giving undesired results in IE
"How to add parameters on a form, submitting it with GET method"
Form Submit Execute JavaScript Best Practice?
How do I change the font and size of an HTML input tag
onerror image is not working... it shows a blank image
onerror attribute of img> is executing javascript to change image. but it did not set the onerror image
Remove duplicate td> through jQuery
How to parse Excel file in Javascript?
Executing JavaScript after X seconds
CSS min-width property is not working
Weird CSS Background Colors
Weird HTML Background Colors
Image display error in HTML5 Canvas
"How to make a href=""""> link look like a button?"
Select option in Django template
JavaScript disable and re-enable a button?
Starting out with Perl web development
CSS selector by style attribute
How can I select an image inside of a div to change its source?
Convert and insert Base64 data to Canvas in Javascript
"Are there other whitespace codes like &nbsp for half-spaces, en-spaces etc useful in HTML?"
How to append a space after an element
How to append a space after an element?
Jquery Mobile Display Form Inline
Working With Canvas In Different Screen Sizes
CSS: selecting a class and first 3 of the rest; nth-child and nth-of-type useless
How to put border on area?
"HTML aside tag, is it OK to use for form error message?"
SVG: SVG element appears to have arbitrary height
Strategy for Learning both HTML5 Canvas and Android Canvas
HTML/PHP - Issue using POST with a textarea
Programmatically create image from web-page or a single DIV
"Browser caching select tag state and ignoring selected=""true"""
$(document).ready equivalent in loaded html
Check if an element is empty or has no value
Short long texts in table using CSS
CSS won't override inherited values
Formatting HTML Code in Sublime Text
Formatting HTML Code using Sublime Text 2
CSS selector attribute does not work a href
Why don't Twitter and Google samples encode ampersands in links and scripts?
Getting input values from text box
Why is there a space between two divs?
HTML displaying strangely
HTML with Hebrew characters displaying weird
HTML with Hebrew characters displaying weird
HTML5 Canvas: Fill arc by percentage
How can I get text between 2 elements
How can I get text between 2 elements?
What is the difference between tags and elements?
How to make HTML element resizable using pure JavaScript?
Bring popup to front
Clearing javascript canvas lineto with intersecting lines
Canvas: mask an image and preserve its alpha channel?
"Phonegap + Geolocation HTML5 enableHighAccuracy True, False or Best Option?"
Is it possible to POST an array from an HTML form without Javascript?
Prevent users from accessing application from Desktop shortcut (saved page)
CSS rendering issue with Firefox
How can I extract text visible on a page from its html source?
Why is line break a tag?
What is overflow hidden actually doing here?
How can I use the CSS pseudo selector :before content: ''  to affect an option> element?
Store data for filtering at client side
Wrong rectangle size in canavs
Javascript date comparison negating timestamp value
"HTML, CSS: ""!DOCTYPE html>"" What does it mean?"
onmousedown - left or right?
How to access css background property with JavaScript?
Browser and HTML 5
Browser does not support HTML 5
jquery: best way to create new DOM elements
How to remove the 'n' cells with jQuery in an optimal way?
How to remove the 'n' first or last elements with jQuery in an optimal way?
Which browsers support HTML shorttags?
Display all item in array using jquery
Display all items in array using jquery
What does the clearfix class do in css?
"HTML5 asynchronous file uploade, uploaded stream is invalid"
How to align a div centered vertically in its parent div
Listening to events such as adding new elements in JavaScript
Disable scrolling on input type=number
How do I center an anchor tag in HTML?
C# programming looping through to generate a bracket like table
Why do we need a fieldset tag?
Are floats bad? What should be used in their place?
css3 @media inline?
Is it possible to put CSS3 @media rules inline?
HTML5 Audio tag on Safari has a delay
How wrong is to use fieldset tag with out form tag?
How wrong is to use fieldset tag with out form tag?
Twitter bootstrap text in navbar
HTML5 Speech recognition --- is there a way to set what the user is expected to say dynamically?
Is W3C validation needed?
Selectable optgroup in HTML selector
Jquery get the parent div ID of the clicked div
pushState firing popstate
HTML5 Canvas as CSS background image?
Format and Intent HTML in Vim
CSS absolute position won't work with margin-left: auto margin-right: auto
How do I make a table row or cell in a twitter-bootstrap 2 HTML table clickable?
Fetching data from MySQL database to html dropdown list
JQuery search in HTML and underline found word
JavaScript/HTML highlighting/debugging in Eclipse using PhoneGap
"How to understand a href=""javascript : ;"">"
Why can't getElementById change the real value of the input?
Is it possible to create this in pure html 5?
Check if a date is empty
How can I achieve this pseudo-vertical centered layout using only CSS?
Find out if HTML height is set by style or by content
iPad from disable [previous|next] buttons
Table or list - what should I use?
PhonaGap - Android - swipe navigation in phonegap
jQuery POST turns into GET
Removing line breaks (no characters!) from string retrieved from database
How to remove line breaks (no characters) from the string?
"Odd JS Case, thinks Variable is not defined"
"Odd JavaScript Case, thinks Variable is not defined"
Make a whole div clickable with working :active CSS rule
How to make full screen background in a web page
Meaning of property attribute in html
Deadly CORS when http://localhost is the origin
Autosize HTML table cell height based on content when rowspan isinvolved
Is this the correct definition of this HTML5 Offline storage?
How do you make text selectable on a jQuery draggable div?
How do you make text selectable on a jQuery draggable div?
Textarea height 100%
Twitter Bootstrap CSS container position
Container position in Bootstrap
Getting the table row values with jQuery
How to stretch the image to fill the background of a div
How to stretch an image to fill the background of a div
How to stretch the background image to fill a div
How to stretch the background image to fill a div
"HTML5 Drag and Drop, Load text file in a textbox with JavaScript"
z-index - Get a child of an element with lower z-index on front of another child of an element with higher
Why can't the Web Worker call a function?
How to include CSS inside a JavaScript file
How to include CSS inside a JavaScript file
What does this operator (::) in CSS mean?
Collision detection with non-standard shapes
"Collision detection of non-standard shapes (triangles, 5+ sided polygons, objects with curved edges)"
Unwanted line of text added by browser
Should I use Twitter Bootstrap?
jQuery tabbed content
jQuery how to create simple tabbed content?
SVG - Scale path from center
The best way to store &(Ampersand) in MySQL database
BeautifulSoup extract text from anchor tag
"auto ""enter"" in css"
Automatic line-break doesn't work?
Are inline event handlers deprecated in HTML5?
Why are inline event handler attributes in modern semantic HTML?
Why is inline event handler attributes a bad idea in modern semantic HTML?
Why is inline event handler attributes a bad idea in modern semantic HTML?
Why do HTML buttons adhere to the old IE6 box model in all modern browsers?
Order of messages over a socket
PHP: Hiding a Div
Can I use text as a mask in CSS?
Can I use text as a mask so the background image shows inside the text only?
HTML input file selection event
How to achieve rounded corners that are equivalent from center and look like edges?
How to align text inside of an input?
How does PHP interact with HTML and vice versus?
Hide all divs with JavaScript
How to create Vertical Radio Button Group in html form without label tag
Drag and drop text file HTML5
Refresh page without losing the Post value
How to extract article text contents from HTML page?
How to extract Article Text contents from HTML page?
How to extract Article Text contents from HTML page like Pocket (Read It Later) or Readability?
CSS specificity :link:hover
How to add CSS3 scrollbar properties to a div tag
What does IDL attribute mean in the WHATWG HTML5 static document?
Webkit + CSS3 columns + OL: list style not showing
HTML5 web storage usage
How to add onChange attribute for select box from javascript
placeholder attribute on text input with iOS 6 from landscape to portrait
How do I make a table scrollable?
Type Attribute (CSS & JS) needed or not?
"Are Type Attributes on SCRIPT, STYLE, and LINK element still needed?"
Type Attribute (CSS & JS) needed or not?
Is there a forground equivalent to background-image in CSS?
How to refer to a javascript function in a HTML element data-attribute
How to refer to a function in a HTML element data-attribute
How to execute a JavaScript function from a data-attribute
"How to use a button's ""data-"" attribute to call selected JavaScript functions"
Zerb Foundation 3 - Full Width Sections & Change Max Width?
"What is the HTML for="""" attribute?"
Month selection dropdown in HTML
Scaling a web application for iPhone/Android/windows
"GWT Safe HTML Framework: When to use, and why?"
Insert escaped code into JavaScript
Button visible text different than value submitted in query string
Is it possible to strike the title?
"HTML Body says cz-shortcut-listen=""true"" with Chrome's Developer Tools?"
Passing value to Bootstrap modal in Django
Passing value to Bootstrap modal in Django
Cordova Phonegap and Google Maps v3 Javascript api: How to fire backbutton when clicking either the license or the Google maps logo
How to fill 100% of an absolutely positioned div?
CSS margin terror; Margin adds space outside parent element
How do you link a JavaScript file to an HTML file?
How do I link a JavaScript file to a HTML file?
It is inserting 0 into database
Page structure is causing submits to not work
How to display fractions in CSS
"How to display ""Classic"" fractions in CSS / Javascript"
HTML table can't remove borders
Looking for a PHP regex or function to filter variations using. of an email for security
Browser caching and network file-shares
How to put two divs on the same line with CSS in simple_form in rails?
HTML: Remove %5B%5D from URL when submitting form
How to hide half div on top inside of another div?
Line breaks in HTML table
"Disable spaces in Input, AND allow back arrow?"
How can I control z-index of canvas objects?
How does z-index really work?
Input text printed in box
"While typing in a text input field, printing the content typed in a div"
jQuery.keyup() not working
jQuery.keyup() not working
"What does style ""visibility:hidden"" mean for the HTML element?"
"What does style ""visibility:hidden"" mean for the ""HTML"" element?"
tt> vs code> tags in a writing Java docs
How to create HTML page auto-adjusting to different Mobile screen?
Is there any advanced apps that is built using Fabric.js?
"CSS ""and"" selector?"
Can I select elements that have multiple tags?
jQuery mobile how to make this app more robust
jQuery mobile how to detect DOM corruption or refresh
How can I load html file in Ext.define
Alining list-style-image proportionally with text
How to edit and update td value when double click
Unbind inline javascript events from HTML elements
Unbind inline Javascript events from HTML elements in order to prevent memory leaks
Unbind inline javascript events from HTML elements
"Html, Table height"
Dynamic input field elements
Dynamic input field elements
Why does my DIV move when I put text in it?
How to make a new heading (number) tag?
"How to make a new heading tag numbers such as h7, h8, etc.?"
Mouse hover change image position and size
CSS pick a random color from from array
Get input value which exists in iframe
How to Save Javascript Variable Between Frames?
Is it useful to use WebView whole layout in native Android app?
Changing the content of all pre tags using JavaScript
How to make details'> drop down on mouse hover
Why does for loop ignore element in array?
HTML5 and drawing multiple rectangles in a canvas
Set background color on div with jQuery?
Fabricjs: loading/displaying svg
Why does window.location.hash remove the hash from the URL?
Empty hash and window.location.hash behaviour
Clearing the hash (inconsistent window.location.hash behaviour)
Why non-break space (&nbsp;) is converting to dash character (-)
Text doesn't start from the left top of input text field
iPhone Phonegap text select bug?
"Take Mustache Template, pass Json and Convert to HTML"
How simulate CTRL+V keys (paste) with C#
How simulate CTRL+V keys (paste) using C#
Using Google Mapstrap but responsive doesn't work?
Using Google Mapstrap but responsive doesn't work?
How to not send an input field in a form>
Zurb Foundation 4 SCSS mixins for spacify small and large(fluid and responsive) columns
How to programmatically scroll an HTML element?
CSS Horizontal list items
Making a notification icon with notification count
Appropriate way to hide icons from screen readers
AngularJS app not passing official W3C HTML5 validation
What is 206 partial content?
angular ng-href and svg xlink
Overriding shortcut keys in Firefox and Chrome
How to encode my URL in jsp?
How to encode my URL in JSP?
How to URL encode a URL in JSP?
Basic authentication programmatically in REST in case of HTML5-client
How to check if an item has selected from an HTML drop down list?
Checking if a variable exists
How can I make a fluid width header that doesn't wrap and ellipse if it's smaller than x pixels?
Making an image act like a button HTML
Restrict input in a Prompt box
Restrict input in a Prompt box
CSS pseudo elements before & after work different in Internet Explorer
How can I create a triangle shape with CSS?
Create triangle shape with CSS?
Create a triangle shape with CSS?
HTML Put a fixed text on an input text
Setting button text via JavaScript
How do I make a left floated div take up 100% of the remainder of space?
Beautiful Soup findAll doesn't find them all
Chrome extension: open link in new tab?
Run code within a script> tag in a Chrome extension's background HTML page?
CSS Inliner in Javascript
How can I get this HTML5 Canvas paint application to work for both touch and computer?
Height Property not working css
Height Property not working css
How do I align a span and a div on the same line?
"History API html5, how to know when user clicked in next/back browser buttons?"
How to display raw HTML code in PRE or something like it but without escaping it?
Styling via :focus of elements within contenteditable
WARIA Roles for Prev/Next Carousel Slider Buttons
"WARIA Roles for Carousels (a.k.a. sliders, slideshows, galleries)"
How do I force an image to fill its table cell?
Toggling styles on label for input field with CSS only
"Set the value of input type=""date""... in JavaScript"
Links to open apps in iOS
Remove white space on ul with CSS
Make a fixed nav bar disappear when scroll down and appear when scroll up
Make a fixed navigation bar disappear when the user scrolls down and reaps upon scrolling up
"Making this CSS Layout. [Fixed Top and bottom, Variable height Middle]"
Add bottom box shadow to the menu when scrolling
Check if element is visible in div
How do I get glyph outline of a letter using JavaScript?
Remove extra newline at start of a block?
Pointer-events: none does not work in IE 9 and IE10
One row of textarea is of how much height?
jQuery get the value from selectbox by its text
Javascript function works in unexpected way
Backbone.js - knowing which Backbone view the event was on
HTML5 define own void tag
CSS: Table multiple column widths
"document.getElementsByClassName().innerHTML always return ""undefined"""
Is it possible to use CSS3 vars in CSS3 selectors?
How can I hide a checkbox in HTML?
How do you call an AngularJS $scope function from href?
"Can I use the iframe attribute ""allowfullscreen""?"
"Is the iframe attribute ""allowfullscreen"" supported?"
Bootstrap 3: understanding the grid classes ( col-sm-# and col-lg-#)
Understanding the grid classes ( col-sm-# and col-lg-# )
Reformatting poorly formatted html tables with BeautifulSoup
Snake-Like Moving Glow around an element
Drop down menu/text field in one
Position footer at bottom of page
"CSS, overlaying text boxes on an image in specific positions"
"HTML5 Notifications, how to include a link?"
User Activity Tracking or Logging with javascript
User Activity Tracking using javascript library
How do you make an input field opacity not effect the text color inside it?
How do you make an input field opacity not effect the text color inside it?
angularjs filtering select/dropdowns
Best way to inject a html row template
Table with only vertical lines visible
Full list of keyboard buttons for jQuery keypress
Reverse effect of tab in Visual Studio
How do I store jquery results from a json file using jqgrid
How to custom position alert box?
tbody border not showing
Unexplainable gap between two divs?
Why is there an unexplainable gap between these div elements?
Hover change content with CSS
Twitter Bootstrap 3 two columns full height
A simple draggable DIV
Center Icon in Div
CSS: display:none not works for option
"Bootstrap 3 accordion button toggle ""data-parent"" not working"
CSS height:auto not working
Is it possible to apply some 'funny' graphical transformation to the whole HTML document?
"With CSS selector only, how to select element that contains only the class of ""foobar"", don't select if it contains any other classes?"
How can I hide the full URL of my website?
Apply CSS table style to all columns except first column
Apply table style to all columns except first column
Bootstrap with navbar fixed top and Bootstrap
What is the difference between offsetHeight and scrollHeight of an element in JavaScript?
iframe scrollbar disappears in chrome
iframe scrollbar disappears in chrome on a mac
iframe scrollbar disappears in Chrome on a Mac
Provide a picture for WhatsApp link sharing
"Anchor Cycler/Dropdown, JSON Updating (Large post)"
Why won't my link's :before background show up properly on :hover?
How to convert table th into li and td into p> with javascript?
How can you convert table th into li and td into p> with JavaScript?
text-indent doesn't work with anchor tag
Chrome Suddenly Stopped Accepting This JavaScript Today
How to solve PHP error 'Notice: Array to string conversion in...'
Adding background image to div using CSS?
How to 'output' a JavaScript variable into an HTML div?
HTML/PHP - Form - Input as array
Bootstrap 3: Set custom width with input-group and input-group-addon with labels
How to change border groove second color?
Max-Height in Table (HTML)
"Not showing placeholder for input type=""date"" field"
"Not showing placeholder for input type=""date"" field - iPhone Phonegap app"
"Not showing placeholder for input type=""date"" field - iPhone Phonegap app"
"Using media=""print"" for IE8 with JSF outputStylesheet"
CSS selector case sensitivity
Create 3 side by side panel in bootstrap?
How to define decimal and integer input fields?
Get data attribute value onclick link / button
AngularJS directive / When directive's name really matters
Play Gif on Mouseover and Pause Gif on mouse out without replacing images?
Play Gif on Mouseover and Pause Gif on mouse out without replacing images?
Using base64 encoded images with HTML service in Apps Script
Separately loading in Bootstrap components
HTML form - Internet Explorer 11 cannot submit it
How to style for first-child?
Whats the Best Practice in EaselJS for Ticker
How to Make HTML Content Editable with JavaScript / jQuery?
How to make an element's content editable with JavaScript?
How to make scrollbar auto enabled and disabled in kendogrid?
How to make scrollbar auto enabled or disabled in kendogrid?
Submitting data from text box to Firebase not working
Not getting validation message for combobox once selected jquery is used
can't catch an a> with.click on jquery
Is it possible to actually write data to file using only Javascript?
Ace-Editor auto format/indentation
I can't get the div on top with z-index
jQuery populate drop-down options based on another drop-down option using JSON
Navigating to anchor on another page
How to download file using anchor tag a>
How to auto adjust table td width from the content
Zooming out a div using CSS
HTML5 and JavaScript: Making paste handling fully/more asynchronous?
How do I make a hr /> tag go vertically
Move an image around the screen with the arrow keys in JavaScript?
"CSS Selecting an ""xlink:href"" attribute"
How to select XML element by xlink:href attribute with CSS?
"Which HTML tags can have a ""onclick"" event?"
Canvas is antialiasing against my will
Resizing canvas without antialiasing
How to apply basic audio filter using JavaScript
"HTML input type=""file not working in Google Chrome"
Is there a way to get the text on the left side of a checkbox?
Centering a HTA window
Centering a HTA window
Fullscreen Mode on Website
div width not resizing by content
How to loop sound in JavaScript
"How to pass parameter like title, summary and image in Facebook sharer URL"
What happened to the archive attribute?
HTML for the Pause symbol (in a video control)
How do I set a custom viewport for iframe?
How to remove all options from a dropdown using Jquery/JS
Change select highlight color and remove border
Change'select' highlight color and highlight color
Change'select' highlight color and highlight color
JavaScript resize event not working
Headline (text) background color with padding
Headline (text) background color with padding
How to set selected option of select element by its ID?
delete table row using jQuery
The difference between 'innerHTML' and 'appendChild'
Image not being retrieved from dropbox
Weird behavior in Chrome with HTML select
How to make label> and input> appear on the same line in HTML form
In browser Bluetooth phone control?
javascript date object from input type=date>
Bootstrap pull-right causing element overlap
How to make title bar animated?
How to make text inside title tag animate using JavaScript (without marquee)
How to make text inside title tag animate using JavaScript
"Isotope.js, layout masonryHorizontal is not working"
How to convert string to HTML safe string
Why does my div have no height?
"Angular application config ""Uncaught object"" error"
"Angular application config ""Uncaught object"" error (ngRoute)"
Firefox and IE Drag & Drop Change icon/cursor while dragging
Removing all 'data attributes' of an element
Finding inline CSS source
How can I get the value of an input in a specific table cell using JavaScript?
CSS class in body with Meteor
"JSfiddle error: ""Please use POST request"""
CSS: Multiple content: attr selector
Get an element's nth-child number in pure JavaScript
Most cross-browser safe way to build dynamic and extensible graphical element in pure CSS or CSS/SVG
How to float div in CSS?
How to float div in CSS?
Get selected LI value from Bootstrap DropDown with specific UL ID
How to keep long text inside a div
Create a CSS shape
Any way to prevent/disable CTRL + [key] shortcuts when inside a canvas element?
Clear a chart from a canvas so that hover events cannot be triggered?
Unresponsive Script issue on Firefox while using DOMSubtreeModified mutation Event
CSS align top DIV as same as its underlying DIVs
Chrome developer console touch device iphone ipad emulator inspect element
Removing dots from textarea
Enabling one button inside disabled fieldset
"The ""text-align: center"" isn't working in a style element"
"angular ng-include, what file path would I use?"
How to show validation message below each textbox using jQuery?
VisualStudio 2012 web project - context start - currently selected HTML page
embed YouTube video - Refused to display in a frame because it set 'X-Frame-Options' to 'SAMEORIGIN'
Embed YouTube video - Refused to display in a frame because it set 'X-Frame-Options' to 'SAMEORIGIN'
Get POST values in Flask using form
Center element until it meets an obstacle
How to make reverse unordered list
Does Google use screenreader tags when scraping a response site with background images?
Text with newline inside a div element is not working
ellipsis to work in a Label
Show spinner icon on button while loading on submit
I want to validate words in a input field using regex
Typing inside and input type text is extremely slow on iPad mini with iOS8 Mobile Safari
W3C validation says h1 in article is invalid
"CSS, Border appears on click"
Why is Google Chrome cancelling my request?
Monospace font and pre> on Mac
Make a td> take the entire row in a Table
Javascript Module Pattern with multiple instances using prototyping
nicely formatted tables in Markdown: kniter not compiling stargazer>html table
Making nicely formatted tables in Markdown: knitr not compiling stargazer>html table
Can't edit HTML in Chrome dev tools Sources tab
JavaScript search and display divs with matching strings
"Converting ""unknown-8bit"" charset to UTF-8"
Is it possible to do this in CSS?
Is it possible to mask or clip an image shape using CSS?
"Stackoverflow authorization, how does it work? And is it the most secure implementation?"
"Stackoverflow authorization, is it the most secure implementation?"
How do we do visibility hidden in AngularJS?
Strag gap between two buttons
How to make the margin constant on both side of a div
Bootstrap Selectpicker will not reset using built-in functions
Unable to insert stylesheet into window.open
HTTP requests to a remote server from Amazon S3 deployed web site?
jQuery each looping once
Re-position website on FIREFOX in jQuery
Re-position website on FIREFOX in JavaScript
Why is jamoscript taken as equivalent to javascript?
Make two buttons go side by side in center of html page
Make two buttons next to each other in center of html page
Generating ragged edges in css
Javascript radio button toggle not working
Javascript radio button select others when selecting one radio button?
Firefox ::after pseudo class not working
Bootstrap page gets vertical scroll
Bootstrap page gets horizontal scroll
Add a triangular point to a div with CSS?
BeautifulSoup / Python - Convert HTML table to CSV and get href for one column
Flip Ascii Arrow
Chrome Extension: Is there a flexible way to modify the contents of an editable element?
Button does not work on the first click
How can I display an image from the local machine on a webpage?
CSS not refreshing...?
SVG objects: how to get fixed height and variable width (100%)
Determine which button opened a Bootstrap modal
Using Rest or httr to log in to non-standard forms on a webpage
W3C Validation for ui-select>
What is the main difference between br> and /br>
What is the main difference between br> and /br>?
What is the current state of the style element in HTML5?
Text is breaking using absolute position
How to remove white border for CSS blur
Does Angular use DOM diffing?
How can I set image opacity for body background?
Append data to a HTML5 video dynamically
How to calculate a CRC32 of an ArrayBuffer (javascript) compatible with PHP
How to force a flexbox to display 4 items per row?
How to force a flexbox to display 4 items per row?
Input text with images alongside to text
Add inner corner curved border to active menu with CSS
helper clone + switching dropped elements + updating the id
drag and drop problems + updating the id
Drag and drop problems + updating the id
CSS is not applied when refreshing on another view
Angularjs - CSS is not applied when refreshing on another view
Positioning below absolute positioned divs
How can I read asian string from MySQL to PHP?
Can't scroll on mobile menu
Converting canvas to blob using cropper js
HTML5 range style with values
Range style slider with values
How can I select all check boxes from all the pages using jQuery Datatables plug-in
"Why is the keyup handler being invoked here, and can I prevent it?"
Disable pinch zoom in webkit/electron
Dreamweaver CSS: how to make a circle around a letter?
Displaying a nested array in a nested HTML table
How to link to a javascript file to website
How to link a javascript file to website
display all textarea rows without scrolling
Display all textarea rows without scrolling
Paragraph overflow: ellipsis; extends beyond the container
Same inputs but two php files in HTML
Create a non-rectangular border
Find previous element of same type regardless of parent
Background video that acts like CSS' background size cover
"How can I set class=""active"" to navigation menu in codeignitor?"
CSS Make a segment of a circle one colour
Creating blur effect with CSS and jQuery
Is there a way for SVG symbols to be responsive cross-browser?
Javascript - Cloning audio source without having to download it again
can I find when window.onclick() function overridden?
Scale images in row maintaining aspect ratio but keeping uniform image height
Scale three images with different widths into a 100% width row while maintaining equal image heights
getComptedStyle and CSSRules to return optimized stylesheet
Group CSS selectors with common properties and reliably calculate percentages
Jquery - copy HTML table structure to clipboard
Input type reset icon
How to create a lightning bolt design using CSS
Create a lightning bolt design (like the Flash) using CSS
How to use Semantic UI accordion?
How do I create a teardrop shape in HTML?
How set prioriry of HTML page parts for screen readers?
Manually fire an IDBOpenDBRequest.onupgradeneeded event?
how to create web-app with fullscreen when page is Load
Remove top box-shadow in CSS
Where is hidden HTML renderer in Jmeter?
Swapping out video frame images on html5 canvas using UI slider data value
Draw video frame-by-frame on html5 canvas and control with slider
How to do CSS border for the container with transparent gaps in between
How to do border for the container with transparent gaps in between
Wrong to have a function change itself?
GetElementsByClassName returns incorrect number of nodes
GetElementsByClassName returns incorrect number of nodes
Is an input field valid while is empty?
Body background with 3 background colors
Pure CSS selector for empty or whitespace
"Angular injected pages with long content make entire page load below the top of the page, cutting off the title"
unexpected token  in first line of html
What's the proper HTML use for a signature line?
How to pass URL parameters when redirecting to another URL
Why is the second function inside script> not working?
CSS transitions + opacity change + overflow hidden
HTML/JS detect Internet Explorer
Hide div when it reaches the bottom of the page
How to remove input by JavaScript?
How to remove input by Javascript
execCommand('copy') does not work in XHR callback?
jQuery wrap all elements between two elements
How to create a div with irregular shape in CSS
How to create a div with irregular shape
Swift 2 display HTML text in TextView
How to block click and show block icon in hover?
jQuery resizable not working as wanted
jQuery resizable not working as wanted
jQuery resizable not working - Demo included
JavaScript & jQuery | Work out values from loaded information
Most robust way to preload image to prevent visible image load?
HTML/CSS obfuscity Compiling
Keeping flexbox centered when text wraps to 2 or more lines
Failed to execute'replaceState' on 'History' local_URL> cannot be created in a document with origin 'null'
"Clear value of input type=""date"" in Microsoft Edge"
Custom animation menu on page reload
Menu state on page reload
CSS double border lines going across with two angles?
Jekyll CSS styling
Bootstrap: Keeping content responsive when using an offcanvas sidebar
Keeping content responsive when using an offcanvas sidebar
Make clipboard copy past work on iPhone devices
How to prevent controls from stealing focus?
How to color text in GitHub's flavoured markdown?
Make outer div fit automatically to inner divs
How do I set the max-height for an inner div whose container does not have a fixed height?
Writing the full path of the file when it is browsed using php
Custom select function with copy to clipboard pure JS
"Flexbox children, mix of rows and columns"
Detecting if a user has scrolled
Vertically Center using Flexbox gets cut off
How to translate html string to real html element by ng-for
How to translate HTML string to real HTML element by ng-for in Angular 2
Top gets cut off when using flexbox
CSS: fade in / reveal one letter at a time on a webpage
How to fade in / reveal one letter at a time?
html5 data-* syntax cannot be used by ngFor in angular?
JavaScript Multiple FileReader Increment Index
CSS3 Tranisition delays
Struggling with text readability
Weird behaviour in Internet Explorer when changing src attribute on image
"The meaning of ""row"" class in css, its difference from containers, and how does it stack with col-*"
"The meaning of ""row"" class in CSS, its difference from containers, and how does it stack with col-***-*"
Go another link if link is not available in HTML a tag
Go to another link if a link is not available
Go to another link if a clicked link is not available in HTML/JavaScript
List inside nested flexbox layout will not grow
Dynamically added SVG g tags are not showing
"CSS position:fixed without top has ""interesting"" behavior"
"Is there a way to provide alt="""" text for screen-readers on HTML5 animations?"
Combine two SASS selectors
"Save paragraphs p> with borders as a PDF, using JSPDF?"
Save Paragraphs p> with borders as a PDF?
How to do auto popup validation msg?
How to make the parent of a scaled HTML element contain the element?
How to make the parent of a scaled HTML element fit?
How to make the parent of a transformed HTML element fit?
How to fit the parent of a transformed HTML element?
How to fit the parent of a CSS transformed HTML element?
Create a triangle with only CSS
Saving and loading canvas data from localStorage
Is there a way to determine if a letter or a number were pressed Javascript?
Flexbox Grid with Fixed Width of Children
Flexbox Grid with Fixed Column Widths
Where do I get this symbol for my webpage?
"Creating a Responsive Menu with HTML, CSS and jQuery"
How to make straight line animated with center arrow on hover
How to change how a scrolling element behaves when resized?
HTML input pattern validation not working
HTML input pattern validation not working
Responsive circle div
Audio Tag Not working in mobile
How to decrease the space between header and paragraph vertically in html
CSS way to keep box-shadow direction consistent by transform: rotate
Homepage divided layout (CSS)
Divided layout (CSS) centering images to buttons
How to create an input text box to handle multiple rows of text?
How to create an input text box to handle multiple rows of text?
"Prevent Text Field Input, Even Though Field is NOT Disabled/Read-Only"
"What is the difference between target=""_blank"" and ""target=blank""?"
Can I run a JS app outside of the browser tab?
How can I run a JavaScript app outside of the browser?
page-break-after doesn't work in Chrome
Google MDL: wrong drawer icon positioning
Default context for HTML attributes in Sightly
AddThis (A javascript social share plugin) can exclude services in mobile tool box
Z-Index not working as intended
element with z-index not overlaying another
CSS / HTML fixed 5 circle rating
Force height of rows inside a flex item to always be a specific percentage of the flex item's height
continuously Move div position using javascript
How to make a preloader with Angular?
Can someone help me with this flex layout?
How to left-align the first flex item to wrap in a container with justify-content: space-around?
"In a flex container with justify-content: space-around, how to left-align the first flex item to wrap?"
Left-align first flex item to wrap with justify-content: space-around
How to append html using jquery
How to make text lower div opacity in html
"CSS-3 Trasform bug, menu appearing stuck"
"CSS-3 Trasform bug, menu appearing stuck"
How do I set profile image as first letters of first and last name?
Why is JavaScript not working?
How to style two groups of list items in a single line?
Change Color of Bottom Label and Label in Materialize.css Framework
Make images object-fit inside flex-sized columns
Bootstrap vertically align image
How to resize and modify align items in flexbox
html() function not working in IE regarding XML loading
HTML: How to get sub links and search box display upon google search
Use image to fill rest of space using flex container
Div fills remaining space in flexbox - how?
Make flex item fill remaining space in flexbox
Make flex item fill remaining space in flexbox
Make flex item fill remaining space along the main axis in flexbox
How to get flexbox to include padding in calculations?
How to change :root color variables in JavaScript
Why can't inline SVG be cached in Browsers?
How do you get an indentation after ::before pseudo element?
How do you get an indentation after ::before pseudo element?
How to use local font in HTML
How to add CSS3 transition with HTML5 DETAILS/SUMMARY tag reveal?
How to get the text from the HTML5 input field error message in Selenium?
How can I set a sign in the beginning of a number?
Color overlay for div
CSS Text Overline Thickness
Center and right align flexbox
Center and right align flexbox elements
Center one and right align another flexbox element
Materialize navbar with center aligned links
How to prevent the page from scrolling?
How to parse an HTML table with rowspans in Python?
I want Bootstrap modal dialog not open when click
CSS/Js won't work if I include the header
"How to preview multiple images before upload with many input type=""file"""
How to preview multiple images before upload?
How to make clip-path work on Microsoft Edge?
Read the n lines of a big text file
Getting the whole word in swype keyboard with mouse using jQuery?
How to parse html present inside a JSON as a string?
How do I make scrollbars appear in my browser when my DIV doesn't have enough space while keeping the DIV centered?
"HTML5 microphone capture to icecast, how to?"
How to draw a horizontal line between 2 circles with CSS
How to draw a horizontal line between two circles with CSS?
How to detect clicks outside a component in Angular?
Replacing Bootstrap Dropdown with Dropup (Different activity on two near identical implementations)
How to change the font color of text depends on the width of div & number character
Word-wrap: break-down not working
"Word-wrap: break-down not working : css, overflow issue in draggable element"
"Before server side scripting, how were HTML forms interpreted?"
"Before server side scripting, how were HTML forms interpreted?"
Hiding and showing element using CSS and JavaScript
Why isn't my flex box not aligning in the center?
How to make image 3D using CSS
Raw HTML code with Razor
Black text - white when on black background
Display byte array as pdf in browser with print button
Getting Download Button In HTML 5 video in Chrome 55
"Difference between jQuery, Angular, and Node.js"
Difference between jQuery vs AngularJS and Node.js
Difference between jQuery vs. AngularJS vs. Node.js
Android: Is it possible to pass different value than link in hyperlink tag(a> tag)?
Pop out image on zoom similar to image zoom on Image hover
Pop out image on zoom
Variables and functions in JavaScript?
flex-direction: column > how to control how many columns?
Angularjs ng-src not launching image
"Using angular, ow to detect if device is desktop and mobile, and if connection is wifi or not"
"How to detect if device is desktop and/or mobile, and if connection is wifi or not with AngularJS"
Bootstrap 3 - How do I make the nav bar sticky on scroll
Bootstrap - How do I make the nav bar sticks on scroll
How to display an HTML file on Google Drive?
How to place text inside a class box?
Place text inside H1 styled as a skew box
How to place text inside a class box?
Text hidden behind color
How to select class with placeholder?
Absolute positioning of svg element not working
Right align element in div class with Bootstrap 4
Flexbox space-between issue in flexbox
Should we always specify ID attribute in HTML?
How to align Bootstrap panel center of web page
Checkbox changing state opposite the checked attribute
Invalid property value on basic flexbox example
"flex-basis: content is ""Invalid property value"""
Bootstrap Navbar collapse point  768px
Line break in input value
Vue - I need to render Vue to the body
Any way to make HTML5 audio responsive in Bootstrap?
How to align center heading and Image contain in a div tag
Horizontal slider start slide again from first one
Infinite loop slider doesn't work correctly with transition event
Slider doesn't work correctly with transition end
Add spacing between vertically stacked columns in Bootstrap 4
Changin Dropdown Icon on Bootstrap 4
Drag and drop in other browser window / tab
"How to do a synchronous require of Webpack build module, from outside of Webpack build?"
How to import custom fonts in HTML mailers
How to create a tick mark in a custom checkbox
Add text-overflow to a td
SVG fixed font size
jQuery datepicker on click of FontAwesome icon
How to create a flex item that has a percentage basis and is able to shrink
Owl Carousel 2 items stack on top of each other
Items stack on top of each other in Carousel
jQuery replace content in elements without replacing HTML
CSS layout with bootstrap
CSS layout with bootstrap
BeautifulSoup - extract json from JS
How to pass value from QML to JavaScript in WebEngineView
Vertically align block elements in a card with Bootstrap 4
Forcing equal widths of flex items but with ability to grow
Prevent half-pixel SVG shift on Retina?
Turn an image of stained glass into clickable elements
Pattern of irregular clickable shapes
Is there an event connected to the choice of an option>?
How to add floating action button at the right-bottom side of the screen using material-ui in React
MuiThemeProvider.render(): A valid React element (or null) must be returned
"Flex in Firefox shrinks children automatically, but not in Chrome"
VS Code HTML error checking / validation
How to change bootstrap drop-down colors?
Is there something like a Safe Navigation Operator that can be used on Arrays?
Effect of aria-hidden in Font Awesome
How to vertically center text with flexbox
Flexbox item with overflowing content only works on Chrome
How to put arrow between two divs using HTML css
Vue custom component
ElementTree link in a table made from the list
Literal works as href while string var doesn't in lxml.builder
How can I sort DOM elements triggering the least amount of reflows?
Wrap text inside bootstrap button without changing button size
Understanding font selection in CSS
Different font-family selection for different lang
Different font-family selection for different language
Bootstrap v4 toggable navbar
HTML: How to increase height of side-by-side tables
HTML: How to increase displayed row number on side-by-side tables
Remove element and insert its text into parent element in the same place
"Css grid, flex grow"
Bootstrap V4 Navbar bug?
Purpose of nomodule attribute if default is text/javascript?
Is it possible to apply background color on img> tag
Is it possible to apply background-color on img>?
Fixed position inside div
How to disable jQuery blur event on certain selector
Textarea only one row in FireFox
I have written a code to add font-awesome icons but why doesnt it show me the icons
Submenu doesn't render correctly on screen resize
UDP socket via javascript
UDP socket via javascript
CSS Grid equal spacing but first and last item alignment
How to stretch flex child to fill height of the container
CSS grid set row height to minimum possible / row height equal content height
CSS grid set row height to minimum possible / row height equal content height
Set row height to content height in CSS Grid
Grid with align-items: center makes img disappear
Assign JQuery datepicker to div element and get the value
Circular Gradient using CSS
Flexbox row: center if a single item
"How to import ES6 module from script type=""module""> tag in html?"
Is it possible to make HTML file input accept only.txt and.csv?
Bootstrap4 control width of inline-form
How to add an icon in a search box
How to anchor summary elements
IE 11 text input with placeholder triggering input event on focus
How to get the value of an element in Python Selenium?
Empty body element with exact A4 landscape dimension is printed in 2 pages
Overflow issue with Firefox when using flex display
Flexbox align-items center not working
Bootstrap 4 file input doesn't show the file name
In Chrome @font-face local() does not find local font
CSSRules not working
DOMException: Failed to read the 'cssRules' property from 'CSSStyleSheet': Cannot access rules at window.onload
Cannot access CSSRules from local css file in Chrome
Adding space between columns in bootstrap 4
How to make a nested row A fill its parent B that has been made to fill the viewport height using flex-grow?
Make a nested row fill its parent that has been made to fill viewport height using flex-grow in Bootstrap 4?
DOM Element.Closest Chile
Is it possible to create a side drawer in Bootstrap 4?
How to create a responsive side drawer in Bootstrap 4?
How to create a responsive navbar side drawer in Bootstrap?
"Create a responsive navbar sidebar ""drawer"" in Bootstrap?"
How to get a simple responsive centered website?
Shifting from Bootstrap 3.3.4 to 4.0
Detect the code acting on an element in F12 Tools
How to size a div in CSS based on percentages and a minimum width?
CSS grid based on percentage and minimum width
Creating overlay in CSS3 grid
issue in Routing - hash tag - Angular 2
Is it possible to capture the window.location.replace event?
MIME type error even with express.static
HTML: Color of stacked transparent boxes depends on order?
HTML: Color of stacked semi-transparent boxes depends on order?
How to delete the parent node that has the ID generated automatically? How to specify that ID?
How to sticky div on scroll
Using anchor link #id in Angular 6
How can I generate large data that the user can download client side in JavaScript?
Dropdown HTML5 date picker on focus of large input element
"Can we make contenteditable=""true"" div have valid and invalid state?"
How to change the position of drop down arrow in css
How to change the position of a drop down arrow in CSS
libphonenumber via JavaScript in browser
libphonenumber via JavaScript in HTML
Styling the details arrow for Firefox
Styling the HTML5 summary arrow for Firefox
Is there any difference between adding templates to the head or body of an HTML document?
HTML grid layout disrupted by SVG child element
Extra space when centering elements using flexbox
Render dynamically changing images with same filenames in Flask
Issue with Tabulator js library when working with Column Grouping properties
Why does a click event get triggered on my button> when I press Enter on it?
Best approach to hide an absolutely positioned div> when horizontally scrolling?
Best approach to hide an absolutely positioned div> when horizontally scrolling?
How do I view my HTML webpage on my phone?
HTML: Position Font Awesome icon over image
CSS Grid automatically fill out on hover
Flexbox / CSS Grids
HTML - sliding modal box
CSS/HTML: Tabindex for Position-Absolute Elements in Layout
How to make collapsible html list with bookmarks that unfolds?
"How to expand details/summary when opening page with bookmark inside nested ""details""?"
"How to remove empty array values ("""")?"
Initialise custom elements pulled from document fragment
Initialization of custom elements inside document fragment
Thymeleaf: Exception processing template
How to use PHP to insert HTML tags to string by offsets mantaining a valid HTML?
How to use PHP to insert HTML tags to string by offsets (i.e. annotate a string) mantaining a valid HTML?
Card image height not equal when I given max-height
Card image width not equal when I given max-height
Is it possible to make divs like a flower petals?
How to add static resources in Spring with thyme leaf
HTML CSS: Define Opacity by Percentage
Jsfiddle code for recording location of image clicks doesn't show scroll bar or correctly highlight text on iOS
Bootstrap Modal Iframe iOS 12 Hidden Behind Content
ReactJS _ SVG : How can I center my clip-path's text relatively to the viewport and display all the clip-path's text?
Why is overflow-y creating a horizontal scroll bar?
CSS grid max-content across columns
Animating a dashed arrow
"Does rel=""home"" on an anchor tag do anything useful?"
How to get the latest release version in GitHub only use requests?
Overriding the material UI CSS Is not working
Is there a way to continue ordered list numbering across 2 separated ordered ordered list?
When are br> elements ignored when within a paragraph
How can I do a folded ribbon effect in css and html that is similar to the attached sample graphic?
How can I do a folded ribbon effect in CSS and HTML that is similar to the attached sample graphic?
Places overflow items in the center of the grid
Place overflow items in the center of the grid
What is causing my text to be center aligned?
What is causing my text to be center aligned in mobile?
WebGL Reading pixels properly from offscreen canvas
Why does the div have height?
"Child's height 100% is not parent's height, why?"
Masonry grid layout with Tailwind CSS
Masonry grid layout with Tailwind CSS utility classes
Image not stored on server in PHP
Custom progress bar: How to proportionally align the center piece using CSS and or calc
How to proportionally align the center piece of a triple element progress bar using CSS and or calc
