How to delete map[key] in Go?,How do I delete map[key] in Go?,How do I delete maps[key] in Go?,How to delete map[key] in go?,How to delete maps[key] in Go?
How to efficiently concatenate strings in Go?,How do you efficiently concatenate strings in Go?,How to efficiently concatenate strings?,How can I efficiently concatenate strings in Go?,How to efficiently concatenate string in Go?
How to efficiently concatenate strings,How to efficiently concatenate strings?,How to efficiently concatenate strings in Go,Go: How to efficiently concatenate strings,How do you efficiently concatenate strings?
What does the notwithstanding keyword mean in Google Go?,Google Go: notwithstanding keyword,"What does the ""notwithstanding"" keyword mean in Google Go?",Google Go: What does the notwithstanding keyword mean?,What does the notwithstanding keyword mean?
Pointer to map,Pointer to map in a map,Pointer to map in map,Pointer to map with a variable,pointer to map
How to add GO support to Geany,How to add GO support to Geany?,How to add GO support for Geany,How to add GO support for Geany?,How to add Go support to Geany
Getting standard input in golang,Getting standard input in Go,Getting standard input in Golang,How to get standard input in Go?,Getting a standard input in Go
Read an integer from standard input in golang,Read an integer from standard input in Go,Reading an integer from standard input in golang,Read an integer from standard input in Golang,Reading an integer from standard input in Golang
Reading an integer from standard input in golang,Reading an integer from standard input in Golang,Reading an integer from standard input in Go,Reading an integer from standard input,Reading an integer from a standard input in Go
Reading an integer from standard input in Golang,Reading an integer from standard input in Go,Reading an integer from standard input,Reading an integer from the standard input in Golang,Reading an integer from a standard input in Go
Casting back to more specialised template,Casting back to a more specialised template,Casting back to more specialised template in go,Casting back to more specialized template,Casting back to a more specialized template
Is there libCURL bindings for Go language?,Are there libCURL bindings for Go language?,Where are libCURL bindings for Go language?,Is where libCURL bindings for Go language?,Is there libCURL bindings for Go language
Append to file with io/ioutil?,How to append to a file with io/ioutil?,How to append to file with io/ioutil?,Append to a file with io/ioutil?,How to append to a file with io/itool?
What should be the values of GOPATH and GOROOT?,What should be the values of GOPATH and GOROOT in doozer?,What should be the values of goozer and GOROOT?,What should be the values of GOPATH and GoROOT?,What should be the values of GOPATH and ROROOT?
How to decode json with type convert from string to float64 in Golang?,How to decode json with type convert from string to float64 in golang?,How to decode JSON string with type convert from string to float64 in Golang?,How to decode JSON string with type convert from string to float64 in golang?,How to decode json string with type convert from string to float64 in Golang?
How to convert JSON with type convert from string to float64 in Golang?,How to decode JSON with type convert from string to float64?,How to decode JSON with type convert to float64 in Golang?,How to decode JSON with type convert from string to float64 in Golang,How to decode JSON string with type convert from string to float64?
Transfer var into anonymous function,Transfer var into an anonymous function,Golang: transfer var into anonymous function,Transfer a variable into an anonymous function,Transfer var into anonymous function in Golang
Converting a 50 digit string to an integer in Go,Converting a long string of digits to an integer in Go,Converting a long 50 digit string to an integer in Go,How to convert a 50 digit string to an integer in Go?,Converting a 50 digit string to an integer
How to convert a long string of digits (50 digits) into an integer in Go?,How do you convert a long string of digits (50 digits) into an integer in Go?,"Using big integer values in Go? (ParseInt only covers numbers up to ""2147483647""?)",Converting a long string of digits (50 digits) into an integer in Go?,Convert a long string of digits (50 digits) into an integer in Go?
Partly JSON unmarshal into a map[string][]byte in Go,Partly unmarshal into a map[string][]byte in Go,Partly JSON unmarshal into a map[string][]byte,Partly JSON unmarshal into map[string][]byte in Go,Partly JSON unmarshal into a map[string][]byte in go
What's the recommended way to connect to MySQL from Go?,What is the recommended way to connect to MySQL from Go?,What is the recommended way to connect to mysql from Go?,What's the recommended way to connect to a MySQL from Go?,How to connect to MySQL from Go?
What's the recommended way to connect to MySQL from Go?,What's the recommended way to connect to mysql from Go?,Go : What's the recommended way to connect to MySQL from Go?,Golang: What's the recommended way to connect to MySQL from Go?,How to connect to MySQL from Go?
What's the recommended way to connect to MySQL from Go?,What is the recommended way to connect to MySQL from Go?,What is the recommended way to connect to mysql from Go?,What's the recommended way to connect to a MySQL from Go?,How to connect to MySQL from Go?
Idiomatic way to cast multiple return values,How to cast multiple return values in Go?,Idiomatic way to cast multiple returns in Go,idiomatic way to cast multiple return values in Go,Idiomatic way to cast multiple return values?
Terminating a Process Started with os.exec in Golang,Terminating a process started with os.exec in Golang,Terminating a Process Started with os.exec in Golang,Terminating a Process Started with os.exec,Terminating a Process started with os.exec in Golang
What is channel buffer size?,Golang: What is channel buffer size?,What is channel buffer size in Golang?,What is the channel buffer size?,Golang - What is channel buffer size
Golang/mgo: Why does mgo not return the ID of inserted document?,Why does Golang/mgo not return the ID of inserted document?,Golang/mgo: Why does mgo not return the ID of inserted document?,Golang/mgo: Why does MGO not return the ID of inserted document?,Why does Golang/mgo not return the ID of an inserted document?
Writing a Python extension in Go (golang),Writing a Python extension in Go,Writing a Python extension in go (golang),Write a Python extension in Go (golang),Writing a Python extension in Go (Golang)
How to execute a simple Windows DOS command in Golang?,How to execute a simple Windows command in Golang?,How to run a simple Windows DOS command in Golang?,How to execute a simple Windows DOS command in Golang,How to execute a simple Windows DOS command?
How to find a factorial of a number?,How to find a factorial in Go?,How to find a factorial of a number,How to find a factorial in Go,How to find a Factorial in Go?
Golang code doesn't compile without an unreachable return statement,Golang code doesn't compile with an unreachable return statement,Golang code doesn't compile without an unreachable return statement.,Why doesn't Golang code compile without an unreachable return statement,Golang code doesn't compile without a return statement
How to avoid parallel processing in golang,How to avoid parallel processing in Golang,How to avoid parallel processing in go,How to avoid parallel processing in Go,How to avoid parallel processing in go?
Parsing date/time strings which are not'standard' formats,Parsing dates/time strings which are not'standard' formats,Parsing date/time strings that are not'standard' formats,Parsing date/time strings which are non-standard formats,Parsing date/time strings which are not'standard' format
How to call function from another file in Go language?,How to call function from another file in Go?,How to call function from another file in go language?,How to call function from another file in go?,How to call function from another file?
Go file names starting with underline character,File names starting with underline character,Go file names starting with underline characters,Go file names beginning with underline character,File names starting with an underline character
Gracefull restart to keep connections open,Graceful restart to keep connections open. Golang,Graceful restart to keep connections open,Gracefull restart to keep connections open in Go,Gracefull restart to keep connections open. Go
Why to create slice with make in GO?,Why to create slice with make in Go?,How to create slice with make in GO?,Why to create a slice with make in Go?,Why to create slice with make?
Interfaces and Fields in Go,Interfaces and fields in Go,Interfaces and fields in Go,Interface and Fields in Go,Interfaces and Fields
Structural typing and polymorphism in Go,Writing a method which can operate on two types with the same fields,Structured typing and polymorphism in Go,Building a method which can operate on two types with the same fields,Structure typing and polymorphism in Go
Convert JSON to CSV in Golang?,How to Convert JSON to CSV?,Convert JSON to CSV in Golang,How to convert JSON to CSV in Golang,How to convert JSON to CSV?
How to get int from Month()?,How to get an int from Month(),Getting an int from Month()?,How to get an int from Month?,Getting an int from Month()
Golang: int16 to byte array,Golang: convert int16 to byte array,How to convert int16 to byte array?,Int16 to byte array,How to convert int16 to byte array
Webserver for Go (golang) webservices: using NGINX or not?,Webserver for Go webservices: using NGINX or not?,Webserver for go (golang) webservices: using NGINX or not?,Webserver for Go (golang) webservices: using Nginx or not?,Webserver for Go (golang) webservices: using NginX or not?
Golang operator difference between := vs =,What is the difference between := vs =?,What is the difference between := and :=?,What is the difference between := and := operators?,What is the difference between := and =?
Why do we need constant time *single byte* comparison function?,Why are we need constant time *single byte* comparison function?,Why do we need constant time*single byte* comparison function?,Why do we need constant time *single-byte* comparison function?,Why do we need constant time (single byte) comparison function?
How can we reverse float64 type to a paticular precision in golang?,How can we reverse float64 type to a specific precision in golang?,How can we trucate float64 type to a specific precision in golang?,How can we reduce float64 type to a specific precision in golang?,How can we trucate float64 type to a paticular precision in go?
How can we truncate float64 type to a particular precision in golang?,How can we truncate float64 type to a specific precision in golang?,How to truncate float64 type to a particular precision in golang?,How to truncate float64 type to a specific precision in golang?,How can we truncate float64 type to a particular precision?
confusing output on fizzbuzz with switch case statement,confusing output on fizzbuzz with switch/case statement,"confusing output on ""fizz buzz"" with switch case statement","confusing output on ""fizz buzz"" with switch/case statement",confusing output on fizzbuzz with switch case statement in Go
Not buffered http.ResponseWriter in golang,Not buffered http.ResponseWritter in golang,Not buffered http.ResponseWriter in go,Not buffered HTTP.ResponseWriter in golang,Not buffered http.ResponseWriter
Building and linking from a go binary,Building and linking from a go bin,Build and linking from a go binary,Building and linking a go binary,Building and linking from go binary
Unpack golang slices on assignment?,Unpack Golang slices on assignment?,Unpack Go slices on assignment?,Unpack golang slices on assignment,Unpack golang slices on assignment in Go
Unpack Golang slices on assignment?,How to unpack Golang slices on assignment?,Go: Unpack Golang slices on assignment?,Unpack Golang Slices on assignment?,Unpack Golang slices on assignment
Why doesn't html/template show all html conditional comments?,Why does html/template not show all html conditional comments?,Why html/template doesn't show all html conditional comments?,Why doesn't html/template show all HTML conditional comments?,Why does html/template show all html conditional comments?
How to test a collection of functions by reflection?,How do you test a collection of functions by reflection?,How to test a collection of functions by reflection,How to test a collection of functions using reflection?,Test a collection of functions by reflection?
Simple way to copy a file in Go,Simple way to copy a file in Golang,Simple way to copy a file in golang,Simple/fast way to copy a file in Go,Simple and fast way to copy a file in Go
Simple way to copy a file in Golang,Simple way to copy a file in Go,Simple/fast way to copy a file in Go,Simple and fast way to copy a file in Go,Simple way to copy a file in Go?
Get an io.ByteReader from a net.Conn,How to get an io.ByteReader from a net.Conn,How to get an io.ByteReader from a net.Conn?,Get io.ByteReader from a net.Conn,Get an io.ByteReader from a net.Conn in Go
How to retrieve a column value by name using GoLang database.sql,Retrieving a column value by name using GoLang database.sql,How to retrieve a column value by name using GoLang database.sql?,Is it possible to retrieving a column value by name using GoLang,Retrieving a column value by name using GoLang database.sql?
How to retrieve a column value by name using GoLang database.sql,How to retrieve a column value by name using GoLang database.sql?,Retrieving a column value by name using GoLang database.sql,Is it possible to retrieve a column value by name using Go database.sql,Is it possible to retrieve a column value by name using GoLang
How to retrieve a column value by name using GoLang database/sql,Is it possible to retrieve a column value by name using Go database/sql,Retrieving a column value by name using GoLang database/sql,How to retrieve a column value by name using GoLang database/sql?,Is it possible to retrieve a column value by name using GoLang
The last element of a slice,Go: The last element of a slice,The last element of a slice in Go,How to extract the last element of a slice,The last element of a Slice
How to get the last element of a slice in Golang?,How to get the last element of a Slice in Golang?,How to extract the last element of a slice in Golang?,How to get the last element of a slice in Go?,Get the last element of a slice in Golang?
Check if string is int golang,Check if string is int in Go,Check if string is int Golang,Check if string is int Go,Check if string is int in Golang
Golang reflection: Set fields of non-ptr Interface,Golang reflection: Set fields of non-ptr interface,How to set fields of non-ptr Interface,How do I set fields of non-ptr Interface?,How to set fields of non-ptr Interface?
sort golang map values by keys,Sort golang map values by keys,Sort Golang map values by keys,Sort map values by keys,sort map values by keys
Sort Go map values by keys,Sort Go map keys by keys,Sort go map values by keys,Sort Go map values by keys in order,Sort Go map values by keys.
How can I dump all a Go process's stacks?,How to dump all a Go process's stacks?,How do I dump all a Go process's stacks?,How can I dump all the Go process's stacks?,How can I dump all Go process's stacks?
How can I pass a slice as a list?,How to pass a slice as a list?,How can I pass a slice as a list of arguments?,How do I pass a slice as a list?,How can I pass a Slice as a List?
GOLANG saving enums to a database,Save enumerated values to a database,Saving enums to a database,GOLANG saving enums to database,Save enums to a database
Load package dynamically in golang,Load packages dynamically in golang,Load package dynamically in Golang,Load package dynamically,Load package dynamically in golang.
Capitals in struct fields,Capitals in struct fields in CouchDB,Capitals in struct fields when using CouchDB,Capitals in struct fields on CouchDB,Capitals in struct fields - CouchDB
multiple-value in single-value context ERROR,Multiple-value in single-value context ERROR,GO: multiple-value in single-value context,multiple-value in single-value context,Multiple-value in single-value context
Decompiling compiled program with golang,Decompiling compiled program with Golang,Decompiling compiled programs with golang,Decompiling compiled program with Go,Decompiling compiled program
Decompiling a compiled program with Golang,Decompiling a compiled program with golang,Decompiling a compiled program with Go,Decompiling a compiled program using Golang,Decompiling a compiled program
Benefits of os.LockOSThread in golang,Benefits of OS.LockOSThread in golang,Benefits of OS.LockOSThread in Golang,Benefits of os.LockOSThread in Golang,Benefits of Os.LockOSThread in Golang
Benefits of runtime.LockOSThread in golang,Benefits of runtime.LockOSThread in Golang,Benefits of Runtime.LockOSThread in Golang,Benefits of Runtime.LockOSThread in golang,Benefits of LockOSThread in Golang
How to write a simple custom HTTP server in Go?,How to write a simple custom http server in Go?,How to write a simple HTTP server in Go?,How to write a custom HTTP server in Go?,How to write a simple custom HTTP server in Go
Arithmetic operation in go-template,Arithmetic operation in Go-template,Arithmetic operation in Go template,Arithmetic operation in a Go template,Arithmetic operation in Go Template
Why does golang handle closures differently in goroutines?,Why does golang handle closures differently in goroutines,Why does Golang handle closures differently in goroutines?,Why does Golang handle closures differently in goroutines,Why does the golang handle closures differently in goroutines
Why does golang handle closures differently in goroutines?,Why does Golang handle closures differently in goroutines?,Why does the golang handle closures differently in goroutines?,Why does the Golang handle closures differently in goroutines?,Why does golang handle closures differently in Goroutines?
Why does Golang handle closures differently in goroutines?,Why is Golang handling closures differently in goroutines?,Why does the Golang handle closures differently in goroutines?,Why does golang handle closures differently in goroutines?,Why does Golang handle closures differently in Goroutines?
Get current scope of function name,Golang: get current scope of function name,Golang: Get current scope of function name,Get current scope of function name in golang,How to get current scope of function name?
How do I protect against SQL injection?,How to protect against SQL injection?,How can I protect against SQL injection?,How do I protect against SQL injection attacks?,How can I protect against SQL injection attacks?
"Cannot use errors.New(""something wrong"") (type error) as type error in return argument","Golang : cannot use errors.New(""something wrong"") as type error in return argument","Golang : cannot use errors.New(""something wrong"") (type error) in return argument","Cannot use errors.New(""something wrong"") as type error in return argument","Golang : cannot use errors.New(""something wrong"") (type error) as type error"
"Cannot use errors.New(""something wrong"") (type error) in return argument","Cannot use errors.New(""something wrong"") as type error in return argument","Cannot use error.New(""something wrong"") (type error) in return argument","Cannot use errors.New(""something wrong"") (type error) as type error","Cannot use error.New(""something wrong"") as type error in return argument"
Convert uint64 to int64 without loss of information,Go: convert uint64 to int64 without loss of information,How to convert uint64 to int64 without loss of information,convert uint64 to int64 without loss of information,Convert uint64 to int64 without loss of information.
How to get memory size of variable?,How to get memory size of variable? Go(lang),How to get memory size of a variable?,How to get memory size of variable in Go(lang),Go: How to get memory size of variable?
Golang map[interface ]interface,fmt.Println shows the data as map[interface ]interface,Golang map[interface ]interface  fmt.Println,Golang map[interface ]interface,fmt.Println shows data in map
URL Builder/Query builder in Go,URL Builder/Query builder in GoLang,Go: URL Builder/Query builder in Go,URL Builder/Query builder in GoLang.,How to dynamically take arguments from the user as input
GoLang templates: Range example,GoLang: Range example,Range example in GoLang,How to range over an object?,Range example
How to range over a slice of objects?,Go templates: Range example,How to range over a slice of objects,How to range over an object?,Range example
Reference struct in same package in another file,reference struct in same package in another file,How to reference struct in same package in another file?,How to reference MyStruct in another file?,How to reference struct in same package in another file
Why can not convert [Size]byte to string in Go?,Why can not convert [size]byte to string in Go?,Why can I not convert [Size]byte to string in Go?,Why can not convert [Size] byte to string in Go?,Why can't I convert [Size]byte to string?
Golang multiple files in main package,How to split a file into multiple files in the main package?,How to split a file into multiple files in main package?,How to split a file into multiple files in the main package,How to split a file into multiple files in main package
Golang: How do go's len() and make() functions work?,How do go's len() and make() functions work?,How do Go's len() and make() functions work?,How do go's len() and make() functions work in Golang?,Golang: How do go's len() and make() function work?
How do o's len() and make() functions work?,How do go's len() and make() functions work?,How do O's len() and make() functions work?,How do the go's len() and make() functions work?,"How do ""len() and make()"" functions work?"
How to unmarshal json into interface in Golang?,How to unmarshal json into interface in golang?,How to unmarshal json into interface in Go?,How to unmarshal JSON into interface in Golang?,How to unmarshal JSON into interface in golang?
Where does the root of the website map onto the filesystem>?,Where does the root of the website map onto the filesystem>,Where does the root of the website map onto the filesystem?,Where is the root of the website map onto the filesystem>?,Where is the root of the website map onto the filesystem?
Where does the root of the website map onto the filesystem?,Where does the root of a Go webserver map onto the filesystem?,Where is the root of the website map onto the filesystem?,Where is the root of a Go webserver?,Where does the root of the website map onto the filesystem in Go?
What's the golang equivalent of converting any JSON to standard dict in Python?,What's the equivalent of converting any JSON to a standard dict in Python?,What's the equivalent of converting any JSON to standard dict in Python?,What's the golang equivalent of converting any JSON to a standard dict?,What's the golang equivalent of converting any JSON to standard dict?
Whats wrong with this golang code?,What's wrong with this golang code?,What is wrong with this golang code?,Whats wrong with this Golang code?,What's wrong with this Golang code?
What's wrong with this golang code?,What's wrong with this Golang code?,What's wrong with the golang code?,What is wrong with this golang code?,"What's wrong with this golang code? ""fmt"""
No output when use threads in Golang,No output when using threads in Golang,No output when use threads in Golang.,No output when use Threads in Golang,No output when use threads
No output from goroutine in Go,No output from the goroutine in Go,No output from Goroutine in Go,No output from goroutine in Go.,No output from goroutine in Go?
Convert bson.objectId to string in html template,How to convert bson.objectId to string in html template,convert bson.objectId to string in html template,Convert bson.ObjectId to string in html template,Convert bson.objectId to string in HTML template
"hiding nil values, understanding why golang fails here","Go: hiding nil values, understanding why golang fails","hiding nil values, understanding why golang fails","hiding nil values, understanding why Golang fails here","hiding nil values, understanding why golang fails here?"
"Hiding nil values, understanding why golang fails here","Hide nil values, understanding why golang fails here","Hiding nil values, understanding why golang fails","Understanding nil values, understanding why golang fails here","Hiding null values, understanding why golang fails here"
Go: How can I print to an actual printer,How can I print to an actual printer?,Go: How to print to an actual printer,How can I print to an actual printer,Go: How to print to an actual printer?
Go: accessing the underlying socket of a net/http response,Accessing the underlying socket of a net/http response,accessing the underlying socket of a net/http response,Accessing the underlying socket of a web/http response,Go: accessing the underlying socket of a web/http response
Performance difference between 2D slices and linear array in Go,Performance differences between 2D slices and linear array in Go,Big performance difference between 2D slices and linear array,performance difference between 2D slices and linear array in Go,Performance difference between 2D slices and linear array
Performance difference between 2D slices and linear array in Go,Performance difference between 2D slices and a linear array in Go,Performance differences between 2D slices and linear array in Go,Performance difference between 2D slices and linear array,Performance difference between 2D slices and linear array in Go?
Performance difference between 2D slices and linear array in Go,Performance difference between 2D slices and a linear array in Go,Performance differences between 2D slices and linear array in Go,Performance difference between 2D slices and linear array,Performance difference between 2D slices and linear array in Go?
Performance of multiplying matrices stored as 1D and 2D arrays in Go,Performance of multiplication matrices stored as 1D and 2D arrays in Go,Performance of multiplying matrices stored as 1D and 2D arrays,Performance of multiplying matrices stored in 1D and 2D arrays in Go,Performance of multipliing matrices stored as 1D and 2D arrays in Go
Performance difference when multiplying matrices stored as 1D and 2D arrays in Go,Performance difference when multiplying matrices stored as 1D and 2D arrays,Performance difference when multiplication matrices stored as 1D and 2D arrays in Go,Performance differences when multiplying matrices stored as 1D and 2D arrays in Go,Performance difference when multipliing matrices stored as 1D and 2D arrays in Go
Performance difference when multiplying matrices using 2D and 1D slices in Go,Performance difference when multiplication matrices using 2D and 1D slices in Go,Performance difference when multiplying matrices using 2D and 1D slices,Performance difference when multipliing matrices using 2D and 1D slices in Go,Performance difference when multiplying matrices with 2D and 1D slices in Go
Performance difference when accessing a linear array through 2D slice and 1D slice in Go,Performance difference when accessing a linear array through 2D slice and 1D slice,Performance differences when accessing a linear array through 2D slice and 1D slice in Go,Performance difference when access a linear array through 2D slice and 1D slice in Go,performance difference when accessing a linear array through 2D slice and 1D slice in Go
Performance: Accessing a linear array through 2D slice and regular slice when multiplying matrices,Go Performance: Accessing a linear array through 2D slice and regular slice when multiplying matrices,Performance: Accessing a linear array through 2D slice and regular slice when multiplication matrices,Performance: Accessing a linear array through 2D slice and regular slice when multipliing matrices,Go performance: Accessing a linear array through 2D slice and regular slice when multiplying matrices
Performance difference when accessing a linear array through slice of slices and regular slice,Performance differences when accessing a linear array through slice of slices and regular slice,performance difference when accessing a linear array through slice of slices and regular slice,Performance difference when access a linear array through slice of slices and regular slice,Performance difference when accessing a linear array through slice of slices
Performance difference when accessing an array through slice of slices and a regular slice,Performance differences when accessing an array through slice of slices and a regular slice,performance difference when accessing an array through slice of slices and a regular slice,Performance difference when accessing an array through slice of slices and a normal slice,Performance difference when accessing an array through slice of slices and regular slice
Unexpected performance difference when accessing an array through slice of slices (2D) and 1D slice,Performance difference when accessing an array through slice of slices (2D) and 1D slice,Performance differences when accessing an array through slice of slices (2D) and 1D slice,Unexpected performance difference when accessing an array through slice (2D) and 1D slice,Unexpected performance difference when accessing an array through slice of slices (2D) and 1D slices
Convert nil interface to pointer of something in Golang?,Convert nil interface to pointer of something?,Convert nil interface to pointer of something,Convert nil interface to pointer of something in go-lang,Convert nil interface to pointer of something in go?
Golang: Get signal origin,Get signal origin,Get signal origin in Go,Go: Get signal origin,How to get signal origin?
How to implement an abstract class in Go?,How to implement an abstract method in Go?,How do you implement an abstract class in Go?,How can I implement an abstract class in Go?,How to implement an abstract class?
How to implement an abstract class in Go?,How to implement an abstract class?,How to implement an abstract method in Go?,How do you implement an abstract class in Go?,How to implement an abstract class in Go
Confused about custom types in SQL when sql.DB.Exec,Confusion about custom types in SQL when sql.DB.Exec,Confused about custom types in SQL when sql.Db.Exec,Confused about custom types in SQL when sql.DB.Exec?,Confused about custom types in SQL
How to convert slice to fixed size array?,Go-lang: How to convert slice to fixed size array?,How to convert a slice to a fixed size array?,How to convert slice to fixed size array in Go-lang?,How to convert a slice to fixed size array?
WebSockets.go:6:3: cannot find package,WebSockets.go: 6:3: cannot find package,Go program throwing error while executing,websockets.go: 6:3: cannot find package,websockets.go:6:3: cannot find package
Handling Custom BSON Marshaling,Handling Custom BSON Marshaling in Golang & mgo,Handling custom BSON Marshaling,Handling Custom BSON Marshaling (Golang & Mo),Handling custom BSON marshalling
"Go: ""tail -f""-like generator","How to get a ""tail -f""-like generator in Go?","How to get a ""tail -f""-like generator in Python?","How to get a ""tail -f""-like generator?","How to get a ""tail -f""-like generator in Go"
Server Side Events Golang,Server side events golang,server side events golang,Server side events Golang,Server Side Events Golang server
Golang HTTP integration tests,Golang HTTP integration testing,Golang HTTP integration tests in Go,Golang HTTP integration tests with Go,Golang HTTP integration test
Reuse a function across multiple structs to satisfy an interface,Use a function across multiple structs to satisfy an interface,Reuse a function across multiple structs to satisfy an interface?,Reuse a function across multiple structs to satisfy a interface,How to reuse a function across multiple structs to satisfy an interface
How does the presence of the default case change the way channel block works in Go Language,How does the presence of the default case change the way channel block works in Go?,How does the presence of the default case change the way channel block works?,How is channel block working in Go Language?,How is channel block works in Go Language?
"Why do I get a ""cannot assign"" error when setting value to a struct as a value in a map?","Why do I get a ""cannot assign"" error while setting value to a struct as a value in a map?","Why do I get a ""cannot assign"" error when setting a struct as a value in a map?","Why do I get a ""cannot assign"" error when setting a value to a struct as a value in map?","Why do I get a ""cannot assign"" error when setting a value to a struct as a value in a map"
Convert time.Time to string,Convert time.Time to string in Go,Golang : convert time.Time to string,Convert time.Time to string in Golang,How to convert time.Time to string?
Convert time.Time to string,Convert time.Time to string in Go,Golang: convert time.Time to string,Golang: Convert time.Time to string,How to convert time.Time to string?
How to dump struct to csv file?,Write struct to csv file,How to dump struct to csv file,How to write struct to csv file,How to write struct to csv file?
Is there any harm in creating a transaction for every select?,Is there any harm in creating a transaction for every SELECT?,Is there any harm to creating a transaction for every select?,Is there any harm in creating a transaction for each select?,Is there any harm in creating a transaction for every select in MySQL?
Handle optional JSON field in HTTP request body in Golang,Handle optional JSON field in http request body in Golang,Handle optional JSON fields in HTTP request body in Golang,Handle optional JSON fields in http request body in Golang,Handle optional JSON field in HTTP request body
How to read binary data in Go produced by Python?,How to read a binary file in Go produced by Python?,How to read a binary data in Go produced by Python?,How do you read binary data in Go produced by Python?,How to read binary data in Go?
Inheritance in Golang,Type Inheritance in Golang,Inheritance in Go,Inheritance in Golang?,Inheritance
Convert sql datetime string to Time format,Convert SQL datetime string to Time format,Convert SQL DateTime string to Time format,Convert sql datetime string to time format,Convert datetime string to Time format
Convert sql datetime string to Time format,Convert SQL datetime string to Time format [GO],Convert SQL datetime string to Time format,Convert SQL DateTime string to Time format [GO],Convert SQL DateTime string to Time format
How to verify the token in jwt-go library?,How to verify the token in the jwt-go library?,How do I verify the token in jwt-go library?,how to verify the token in jwt-go library?,How can I verify the token in jwt-go library?
Combine URL paths,How to combine URL paths,How to combine URL paths?,Combine URL paths in Go,Combine URL paths
Should a go constructor return an error or a nil value?,Should a constructor return an error or a nil value?,Should a Go constructor return an error or a nil value?,Should a go constructor return a nil value?,Should a go constructor return an error or a nile value?
How to retrieve Form data (as array) in Golang?,How to retrieve form data (as array) in Golang?,How to retrieve Form data (as Array) in Golang?,How to retrieve Form data (as an array) in Golang?,How to retrieve Form data as array in Golang?
How to retrieve Form data (as array),How to retrieve form data (as array),How to retrieve Form data (as Array),How to retrieve Form data (as array)?,How to retrieve Form data (as an array)
How to get the value type of a pointer through an interface,How to get the value type of a pointer through an interface?,How to get the value type of a pointer thru an interface,how to get the value type of a pointer through an interface,How to get the value type of a pointer thru an interface?
How to get the value type of a pointer through an interface,How to get the value type of a pointer through an interface?,how to get the value type of a pointer through an interface,Get the value type of a pointer through an interface,How to get a value type of a pointer through an interface
How to get the value type of a pointer through an interface,How to get the value type of a pointer through an interface?,How do you get the value type of a pointer through an interface?,How do I get the value type of a pointer through an interface?,Get the value type of a pointer through an interface
Return values of function as input arguments to another,Golang return values of function as input arguments to another,return values of function as input arguments to another,How to return values of function as input arguments to another,Return values of a function as input arguments to another
Can the pointer in a struct pointer method be reassigned to another instance?,Can a pointer in a struct pointer method be reassigned to another instance?,How to reassign a pointer in a struct pointer method to another instance?,Can the pointer in a struct pointer method be reassigned?,How to reassign a pointer in a struct pointer method?
How to convert ISO 8601 time in goalng?,How to convert ISO 8601 time in golang?,How to convert ISO 8601 time in Golang?,How to convert ISO 8601 time in Goalng?,How to convert ISO 8601 time in GoalNG?
Golang - JSON field set to null vs field not there,JSON field set to null vs field not there,JSON field set to null vs json field not there,JSON field set to null vs field not there in golang,json field set to null vs field not there
How does defer and named return value work in golang?,How do defer and named return value work in golang?,How does defer and named return value work in Golang?,How does defer and named return value work in Go?,How do defer and named return value work in Golang?
How do you create a slice of functions with different signatures?,How to create a slice of functions with different signatures?,Go - How do you create a slice of functions with different signatures?,How do you create a slice of functions with different signatures in Go?,How do you create a slice of functions with different signatures with Golang?
Best practice to handle error from multiple abstract level,Best practice to handle error from multiple abstraction level,Best way to handle error from multiple abstract level,How to handle error from multiple abstract level,How to handle error from multiple abstract level in go
Do goroutines not blocked on I/O cause goroutines to run sequentially?,Goroutines are cooperatively scheduled. Does that mean that goroutines are not blocked on I/O?,How do goroutines work?,How are goroutines cooperatively scheduled?,Goroutines are cooperatively scheduled
Static member variable such as OOP langage,Static member variable such as OOP language,Static member variable such as C++/C#,static member variable such as OOP langage,Static member variable such as OOP langages
What's the difference between ResponseWriter.write and io.WriteString?,What is the difference between ResponseWriter.write and io.WriteString?,Difference between ResponseWriter.write and io.WriteString?,What's the difference between responseWriter.write and io.WriteString?,What's the difference between ResponseWriter.write and Io.WriteString?
REST API's in go,Rest API's in go,REST APIs in go,REST API's in Go,REST APIs in Go
Removing all Unicode newlines from a string,Removing all Unicode newlines from a string in GoLang,GoLang - Removing all Unicode newlines from a string,How to remove all Unicode newlines from a string in GoLang?,Golang - Removing all Unicode newlines from a string
How to parse mysql error golang,how to parse mysql error golang,How to parse mysql error Golang,How to parse mysql error golang?,How to parse mysql error in Golang
How to parse MySQL errors in Golang,how to parse MySQL errors in Golang,How to parse MySQL error in Golang,Parse MySQL errors in Golang,How to parse MySQL errors
Go: go lang (go-gin) listen on TCP4 not TCP6,https://github.com/gin-gonic/gin keeps deploying on TCP6,https://github.com/gin-gonic/gin keep deploying on TCP6,gin-gonic/gin keeps deploying on tcp6,http service keeps deploying on tcp6
How to Get data from aws Dynamodb with using partition key only(aws-sdk-go)?,How to Get data from aws Dynamodb with partition key only(aws-sdk-go)?,How to get data from aws Dynamodb with using partition key only(aws-sdk-go)?,How to get data from aws Dynamodb with partition key only(aws-sdk-go)?,How to Get data from aws Dynamodb with partition key only (aws-sdk-go)?
Using dlv(delve) debugger in VS Code,Using dlv (delve) debugger in VS Code,Use dlv(delve) debugger in VS Code,Using dlv debugger in VS Code,Using dlv(delve) debugger in VS code
Using dlv (delve) debugger in VS Code,Use dlv (delve) debugger in VS Code,using dlv (delve) debugger in VS Code,Using dlv debugger in VS Code,Using dlv (delve) debugger in VS code
Golang MVC structur,Golang MVC structure,How to inject config to have everywhere settings/functions,How to inject config to have everywhere settings,Golang MVC class structure
Get session values in golang,Get session values in Golang,Get session values in Go,Get session values in Rails Go,Get session values
Refer other package in godoc of a package,Refer another package in godoc of a package,Refer other packages in godoc of a package,Refer other package in Godoc of a package,Refer other package in godoc of a package?
What's the best practices to run a background task along with server listening in Go?,What are the best practices to run a background task along with server listening in golang?,How to run a background task along with server listening in golang?,What are the best practices to run a background task along with server listening in Golang?,What's the best practices to run a background task along with server listening?
What are the best practices to run a background task along with server listening in Golang?,How to run a background task along with server listening in Golang?,What is the best practices to run a background task along with server listening in Golang?,What's the best practices to run a background task along with server listening?,What's the best practices to run a background task along with server listening in Go?
Is it possible to initialize golang slice with specific values?,Is it possible to initialize Golang slice with specific values?,Is it possible to initialize a golang slice with specific values?,Is it possible to initialize a Golang slice with specific values?,Is it possible to initialize a slice with specific values?
"How to use predefined protobuf type (i.e. ""google/protobuf/timestamp.proto"") with grpc in golang","How to use predefined protobuf type (i.e. ""google/protobuf/timestamp.proto"") with grpc in golang","How to use predefined protobuf type (i.e. ""google/protobuf/timestamp.proto"") with gRPC in golang","How to use predefined protobuf type (i.e. ""google/protobuf/timestamp.proto"") with grpc in golang?","How to use predefined protobuf type (i.e. ""google/protobuf/timestamp.proto"") with gRPC in golang?"
Is Go vulnerable for buffer overflows?,Is Go vulnerable for buffer overflow?,Is Go vulnerable for buffer overflows,Is Go vulnerable to buffer overflows?,Is go vulnerable for buffer overflows?
Coverage testing os.Exit scenarios in Go with Goveralls,Coverage testing os.Exit scenarios in Go with GOVERALLS,How to test os.Exit scenarios in Go with Goveralls,Coverage testing Os.Exit scenarios in Go with Goveralls,Coverage testing os.Exit scenarios in Go
Coverage testing os.Exit scenarios in Go with coverage testing information (coveralls.io/Goveralls),Coverage testing os.Exit scenarios in Go with coverage testing information,How to test os.Exit scenarios in Go with coverage testing information (coveralls.io/Goveralls),Coverage testing os.Exit scenarios in Go with coverage testing information (coveralls.io/goveralls),Coverage testing os.exit scenarios in Go with coverage testing information (coveralls.io/Goveralls)
"Is it okay to panic inside defer function, especially when it's already panicking?","Is it okay to panic inside defer function, especially when it's actually panicking?","Is it OK to panic inside defer function, especially when it's already panicking?","Is it okay to panic inside defer function, especially when it's all panicking?","Is it okay to panic inside defer function, especially when it's alreay panicking"
How to determine if type is a struct in Golang,How to determine if type is a struct,How to determine whether type is a struct in Golang,Golang: How to determine if type is a struct,How to determine if Type is a struct in Golang
Golang template engine pipelines,What does the dot mean after a Golang template?,What does the dot mean after a Golang template engine?,"What does the dot mean after ""test""?",golang template engine pipelines
Converting RGBA image to Grayscale Golang,Converting RGBA image to grayscale Golang,Converting RGBA to Grayscale Golang,Converting a RGBA image to Grayscale Golang,Converting RGBA image to Grayscale Golan
Base64 string decode and save as file,Base64 string decode and save as file in Go,Base64 string decode and save as a file,Base64 string decoded and saved as file,Base64 string decoding and save as file
Go: Decreasing slice capacity,Go: Decreasing Slice Capacity,Decreasing slice capacity,Decreasing slice capacity in Go,Go: Decreasing slice capacity in Go
Serving css/js from external sources to html served by GO,Serving css/js from external sources to html served by Go,Serving css/js from external sources to HTML served by GO,Serving js/js from external sources to html served by GO,serving css/js from external sources to html served by GO
How to use bufio.ScanWords,How to use bufio.ScanWords?,How do I use bufio.ScanWords?,How to use bufio.ScanWords to count words and lines,Use bufio.ScanWords
Golang: goroutine that takes a channel receiver and sends string to channel,Goroutine that takes a channel receiver and sends string to channel,Loop of goroutines that take a channel receiver and sends string to channel,Golang: goroutine that takes a channel receiver and sends strings to channel,Goroutine that takes a channel receiver and sends a string to channel
How to catch a specific error in golang,How to catch a specific error in Golang,How to catch a specific error in golang?,How to catch a specific error in Golang?,How to catch a specific error in golang.
Golang copying structure that contain pointers,Golang copying structure that contains pointers,How to create a struct in golang that contains pointers,Golang copying structure that contain points,Copying structure that contain pointers
Get Data from http.ResponseWriter for logging,Get data from http.ResponseWriter for logging,How to get data from http.ResponseWriter for logging,Get Data from http.ResponseWriter for logging in Go,Get Data from http.ResponseWriter
Truncate a file in golang,How to truncate a file in golang,How to truncate a file in Golang,Truncate a file in Golang,Trunk a file in golang
How to get permanent MAC address using Go?,Go language: get permanent MAC address,Get permanent MAC address using Go,How to get permanent MAC address in Go?,Get permanent MAC address in Go
How to list out the method name in an interface type?,Golang reflect - how to list out the method name in an interface type?,golang reflect - how to list out the method name in an interface type?,Golang Reflect - how to list out the method name in an interface type?,how to list out the method name in an interface type?
Cannot autocomplete with Go in Eclipse: Broken Pipe error,Cannot autocomplete with Go in Eclipse: Broken pipe error,Cannot autocomplete with Go in Eclipse: Broken Pipe,Cannot autocomplete with Go in Eclipse: broken pipe error,cannot autocomplete with Go in Eclipse: Broken Pipe error
How to check if []byte is zeros in go,How to check if []byte is zeros in go?,How to check if a byte is zeros in go,Check if []byte is zeros in go,How to check if byte is zeros in go
Why does http.Client prefix a pointer &?,Why does http.Client prefix a pointer &?,"Why does ""http.Client prefix a pointer &?",Why does the http.Client prefix a pointer &?,Why does http.Client prefix a pointer?
Covert base64 string to JPG Golang,Convert base64 string to JPG Golang,Covert base64 string to JPEG Golang,Convert base64 string to JPEG Golang,Convert base64 string to JPEG
Convert base64 string to JPEG,Convert base64 string to JPG,Covert base64 string to JPEG,Covert base64 string to JPG,How to convert base64 string to JPG
Best way to read data from Websockets,Best way to read data from WebSockets,How to read data from Websockets,How to read data from Websockets?,Golang - best way to read data from WebSocket
How can I fetch a certificate from a URL using Go?,How to fetch a certificate from a URL using Go?,How can I get a certificate from a URL using Go?,How do I fetch a certificate from a URL using Go?,How can I fetch a certificate from a URL?
How to format a duration in golang,How to format a duration in Golang,How to format a duration in golang?,How to format a duration in gin,how to format a duration in golang
Retrieve unstructered array from MongoDB in golang,Retrieve unstructered array from MongoDB in Golang,Retrieve unstructured array from MongoDB in golang,Retrieve unstructured array from MongoDB in Golang,Retrieve unstructered array from MongoDB
Passing certificate and key as string to ListenAndServeTLS,Passing certificate and key as a string to ListenAndServeTLS,How to pass certificate and key as string to ListenAndServeTLS?,passing certificate and key as string to ListenAndServeTLS,How to pass certificate and key as string to ListenAndServeTLS
How to parse YAML file into go struct?,How to parse YAML file into go struct,How to parse YAML file into a go struct?,How to parse YAML file into a go struct,Parsing YAML file into go struct
How to parse YAML file into go struct?,How to parse YAML file into go struct,How to parse YAML file into a go struct,Parsing YAML file into go struct,Parse YAML file into go struct
Go - get the parent path,Get the parent path in Go,Go - Get the parent path,Get the parent path,How to get the parent path in Go
How to extend a Go interface to another interface?,How to extend a go interface to another interface?,Extending a Go interface to another interface?,How to extend Go interface to another interface?,How to extend a Go interface to another interface
How to assign a value to the empty slice after the declaration,How to assign a value to the empty slice after the declaration?,How to assign a value to the empty slice after the declaration in Golang,Golang: How to assign a value to the empty slice after the declaration,How do you assign a value to the empty slice after the declaration?
Geth ecrecover hash size mismatch,Geth recover hash size mismatch,geth ecrecover hash size mismatch,Geth e recover hash size mismatch,Geth hash size mismatch
Find the available to RAM using GO API,Find the available to RAM using Kubernetes API,Find the available RAM using GO API,Find the available memory using GO API,Find the available to RAM using Kubernetes GO
Find the available RAM using GO API,Find the available RAM using the GO API,Find the available memory using GO API,Find the available RAM using GO,Find the available RAM using GO API.
No test coverage when tests are in a different package,no test coverage when tests are in a different package,No test coverage when tests are in a different package?,No test coverage when tests are in different package,No test coverage when tests are in a different package in Go
Iterating over linked list in C++ is slower than in Go (with analogous memory access),Iterating over linked list is slower than in Go (with analogous memory access),Iterating over linked list in C++ is faster than in Go (with analogous memory access),Iterating over linked list in C++ is slower than in Go,Iterating over linked list in C++ is slower than in Go with analogous memory access
"Golang tls.Dial returns ""too many colons in address""","tls.Dial returns ""too many colons in address""","Golang tls.Dial returned ""too many colons in address""","Golang tls.Dial return ""too many colons in address""","tls.Dial returns ""too many colons in address"" in Golang"
Set int Pointer to int Value Golang,Set int Pointer to int Value,Go: Set int Pointer to int Value,Set int pointer to int Value Golang,Set int Pointer to int value Golang
Arrays in GO are passed by value?,Arrays in GO are by value?,Arrays in GO is by value?,Arrays in Go are passed by value?,Arrays in Go are by value?
What is the default value of struct map?,Golang - what is the default value of struct map,What is the default value of struct map,What is the default value of struct in a map?,What is the default value of struct map in Golang?
What is the default value of struct map?,What is the default value of struct map,What is the default value of struct in map?,What is the default value of struct in map,What is the default value of a struct map
How to return a blank or empty rune,How to return a blank rune?,How to return a blank rune,Return a blank or empty rune,Return a blank rune
Raw Go system call vs. raw C system call,Raw Go system call v.s. raw C system call,Raw Go system call vs. Raw C system call,Raw Go system call vs raw C system call,How to optimize syscall.Write?
Does slice of string perform copy of underlying data?,Does a slice of string perform copy of underlying data?,Go: Does slice of string perform copy of underlying data?,Does slice of string perform copy of underlying data in Go?,Does Slice of string perform copy of underlying data?
Import full contents of package in Golang,Import full contents of a package in Golang,How to import full contents of package in Golang,How to import full contents of package in Golang?,Import full contents of package
Use fmt.Printf to format string,Use fmt.Sprintf to format string,use fmt.Sprintf to format string,Use fmt.Printf to format a string,use fmt.Printf to format string
Use fmt.Sprintf to format string,use fmt.Sprintf to format string,Use fmt.Sprintf to format a string,Using fmt.Sprintf to format string,How to use fmt.Sprintf to format string
"Gitlab - Auto DevOps job failed, Unable to select a buildpack",Gitlab CI - Unable to select a buildpack,Gitlab CI - Auto DevOps job failed,Unable to select a buildpack,Unable to select a buildpack in Gitlab CI
Why is it not possible to allocate and initialize a map in Go?,Why is it not possible to initialize a map in Go?,Golang map initialization,Map initialization in Go,Go: Map initialization
Error when trying to deploy Google cloud function in Go using Go modules,Error when trying to deploy Google cloud function in Go using go modules,Error when trying to deploy Google cloud function in Go with Go modules,error when trying to deploy Google cloud function in Go using Go modules,Error when trying to deploy Google cloud function in Go
Multiple Modules within the same project,Multiple modules within the same project,Multiple Modules within the same project in Go,Multiple Modules within the same project in Go module,multiple modules within the same project
"Get error ""property value expected css"" and ""at-rule or selector expected css"" on VSCode","Get error ""property value expected css"" and ""at-rule or selector expected css""","Get error ""property value expected css"" and ""at-rule or selector expected css"" in VSCode","Go - get error ""property value expected css"" and ""at-rule or selector expected css""","""property value expected css"" and ""at-rule or selector expected css"" on VSCode"
"Get error ""property value expected css"" and ""at-rule or selector expected css"" on VSCode","Get error ""property value expected css"" and ""at-rule or selector expected css"" on vscode","Get error ""property value expected css"" and ""at-rule or selector expected css""","Get error ""property value expected css"" and ""at-rule or selector expected css"" in VSCode","Get error ""property value expected css"" and ""at-rule or selector expected css"" on vsCode"
Initialize log once and reuse from other Go file,Initialize log once and reuse from other Go file using Zap log framework,How can I initialize log once and reuse from other Go file?,How to initialize log once and reuse from other Go file?,How can I initialize log once and reuse it from other Go file?
Initialize log once and reuse from other Go file,How can I initialize log once and reuse from other Go file?,How to initialize log once and reuse from other Go file,Initialize log once and reuse from other Go file using Zap log framework,How to initialize log once and reuse from other Go file?
go 1.10: cannot implicitly include runtime/cgo in a shared library,Go 1.10: cannot implicitly include runtime/cgo in a shared library,go: go 1.10: cannot implicitly include runtime/cgo in a shared library,"""go 1.10: cannot implicitly include runtime/cgo in a shared library""",go 1.10: cannot implicitly include runtime/cgo in a shared library package
go 1.10: cannot implicitly include runtime/cgo in a shared library,g 1.10: cannot implicitly include runtime/cgo in a shared library,Go 1.10: cannot implicitly include runtime/cgo in a shared library,"""go 1.10: cannot implicitly include runtime/cgo in a shared library""",go 1.10: cannot implicitly include runtime/cgo in a shared library package
How to convert a Go struct to a different struct with less fields?,Convert a Go struct to a different struct with less fields?,How do you convert a struct to a different struct with less fields?,Convert a Go struct to a different struct with less fields,Convert Go struct to a different struct with less fields?
Serving a React app from a Go lang server,Serving a React app from a Go server,Serving a React app from a Go Lang server,Serving React app from a Go server,Serving React app from a Go lang server
Use of internal package not allowed,Go - Use of internal package not allowed,use of internal package not allowed,Use of internal package not allowed in repo,Use of internal package not allowed error
Using grafana/pkg/tsdb package in my module,Using grafana/grafana/pkg/tsdb package,How to use grafana/pkg/tsdb package in my module?,Using grafana/pkg/tsdb package,Using grafana/pkg/tsdb package in a module
How to maintain proto files?,How to maintain proto files in git repo?,How to keep proto files in git repo?,How to keep proto files?,How to keep proto files in git repository?
Unable to use type string as sql.NullString when using gorm,Unable to use type string as sql.NullString in gorm,Unable to use type string as sql.NullString,How to use type string as sql.NullString in golang when using gorm,Unable to use type string as sql.NullString in golang
Why is a package name containing hyphen in Go?,Why does the Go compiler complain when I have hyphen in package names?,Why does my code complain when I have hyphen in a package?,Why does my code complain when I have hyphen in package names?,Why does the Go compiler complain when I have hyphen in package name?
Why do the go generated protobuf files contain mutex locks?,Why do go generated protobuf files contain mutex locks?,Why does the go generated protobuf files contain mutex locks?,Why are the go generated protobuf files contained mutex locks?,Why are the go generated protobuf files contain mutex locks?
Serve embedded filesystem from root path,How to serve embedded filesystem from root path?,Serve embedded filesystem from root path of the URL,Serving embedded filesystem from root path,How to serve embedded filesystem from root path
Errors running first Go project on local machine,Go: Errors running first Go project on local machine,Errors running the first Go project on local machine,Errors Running first Go project on local machine,Errors running first Go project
How to unit test the controller in golang?,How to unit test the controller in Golang?,how to unit test the controller in golang?,How to test the controller in golang?,How to unit test the controller?
